{"stats":{"minecraft:dropped":{"minecraft:candle":2,"alexsmobs:shark_tooth_arrow":12,"minecraft:oak_log":4,"minecraft:jungle_planks":2,"minecraft:item_frame":10,"minecraft:emerald":1,"twigs:pebble":7,"minecraft:dirt":50,"immersive_armors:wooden_leggings":1,"minecraft:jungle_sapling":29,"minecraft:sand":1,"immersive_armors:wooden_chestplate":1,"minecraft:dark_oak_planks":1,"minecraft:birch_log":11,"twigs:twig":31,"minecraft:stone_axe":1,"survive:animal_fat":3,"minecraft:sugar_cane":3,"immersive_armors:wooden_boots":1,"minecraft:rotten_flesh":5,"minecraft:oak_planks":7,"aether:leather_gloves":1,"minecraft:chainmail_chestplate":23,"minecraft:oak_fence_gate":1,"supplementaries:ash":1,"minecraft:tipped_arrow":16,"minecraft:deepslate_tiles":2,"minecraft:gunpowder":2,"minecraft:charcoal":19,"minecraft:jungle_log":1,"apotheosis:gem":2,"minecraft:chainmail_boots":2,"minecraft:arrow":37,"eidolon:red_candy":2,"minecraft:bread":1,"minecraft:wheat_seeds":2,"minecraft:tnt":1,"minecraft:iron_helmet":2,"forbidden_arcanus:tentacle":2,"minecraft:feather":2,"minecraft:cobblestone":1,"delightful:green_tea_leaf":11,"minecraft:granite":2,"eidolon:top_hat":1,"minecraft:coal":6,"minecraft:stick":50,"illagerinvasion:platinum_chunk":2,"iceandfire:crackled_dirt":10,"minecraft:ink_sac":1,"iceandfire:copper_nugget":12,"minecraft:torch":2,"minecraft:wooden_axe":1,"minecraft:iron_leggings":1,"delightful:acorn":7,"minecraft:oak_stairs":2,"iceandfire:crackled_grass":3,"minecraft:smooth_stone":7,"minecraft:raw_copper":1,"minecraft:bowl":1,"farmersdelight:cabbage_seeds":27,"minecraft:iron_boots":22,"minecraft:stripped_oak_log":1,"minecraft:hay_block":12,"simplyswords:iron_scythe":1,"iceandfire:copper_sword":1,"minecraft:iron_chestplate":2,"minecraft:oak_sapling":19,"minecraft:diamond_boots":1,"minecraft:bow":1,"minecolonies:durum":1,"minecraft:stone_pickaxe":2,"immersive_armors:wooden_helmet":1,"minecraft:brick":4},"minecraft:crafted":{"minecraft:oak_planks":356,"minecraft:smooth_stone":5,"minecraft:stone":5,"minecraft:bow":3,"minecraft:diamond_helmet":2,"minecraft:diamond_leggings":1,"minecraft:iron_boots":21,"minecraft:tipped_arrow":75,"minecraft:stone_hoe":1,"minecraft:arrow":272,"minecraft:emerald":291,"minecraft:cooked_porkchop":4,"minecraft:crafting_table":3,"minecraft:wooden_pickaxe":1,"minecraft:iron_helmet":1,"minecraft:chainmail_chestplate":26,"minecraft:fletching_table":1,"simplyswords:iron_scythe":1,"minecraft:iron_chestplate":3,"minecraft:diamond_pickaxe":1,"minecraft:stick":9039,"quark:oak_chest":6,"minecraft:iron_ingot":74,"simplyswords:diamond_scythe":1,"quark:jungle_chest":5,"minecraft:furnace":2,"minecraft:blast_furnace":1,"minecraft:bone_meal":12,"minecraft:flint_and_steel":1,"minecraft:stone_pickaxe":1,"minecraft:diamond_boots":1,"minecraft:dark_oak_planks":268,"minecraft:cooked_beef":7,"minecraft:bowl":4,"minecraft:stone_axe":1,"minecraft:air":0,"minecraft:jungle_planks":536,"minecraft:chainmail_boots":14,"minecraft:wooden_axe":1,"minecraft:iron_leggings":1,"minecraft:torch":20,"minecraft:diamond_chestplate":2},"minecraft:used":{"farmersdelight:cabbage_seeds":13,"minecraft:shield":3,"minecraft:iron_chestplate":1,"minecraft:jungle_planks":15,"minecraft:carrot":4,"minecraft:obsidian":10,"minecraft:lantern":1,"minecraft:bow":222,"simplyswords:iron_scythe":197,"minecraft:written_book":1,"minecraft:furnace":1,"minecraft:potato":9,"farmersdelight:chicken_soup":4,"minecraft:stone_pickaxe":52,"minecraft:oak_planks":14,"minecraft:wooden_pickaxe":3,"minecraft:cookie":1,"minecraft:golden_apple":2,"minecraft:blast_furnace":8,"minecraft:crossbow":3,"minecraft:bread":27,"minecraft:gravel":19,"minecraft:birch_log":7,"minecraft:bone_meal":12,"minecraft:trident":1,"minecraft:flint_and_steel":2,"eidolon:athame":10,"quark:jungle_chest":2,"minecraft:stone_hoe":5,"minecraft:torch":16,"minecraft:dirt":11,"minecraft:anvil":1,"iceandfire:copper_sword":14,"minecraft:chainmail_chestplate":1,"wizards_reborn:arcanemicon":1,"minecraft:dark_oak_planks":2,"minecraft:wooden_axe":18,"simplyswords:diamond_scythe":120,"minecraft:iron_axe":488,"minecraft:jungle_log":52,"minecraft:iron_boots":3,"minecraft:totem_of_undying":1,"alexsmobs:banana":5,"minecraft:cooked_beef":2,"farmersdelight:tomato_seeds":14,"minecraft:cooked_mutton":1,"minecraft:water_bucket":2,"minecraft:cartography_table":1,"minecraft:fletching_table":8,"farmersdelight:onion":18,"minecraft:crafting_table":5,"minecraft:red_bed":2,"minecraft:oak_log":8,"minecraft:diamond_pickaxe":15,"minecraft:apple":25,"minecraft:iron_pickaxe":187,"minecraft:stone_axe":56,"minecraft:cobblestone":28,"minecraft:white_banner":2,"minecraft:cooked_porkchop":4,"minecraft:porkchop":13,"minecraft:bucket":1,"quark:oak_chest":6,"twigs:pebble":1,"survive:filled_canteen":3},"minecraft:killed":{"minecraft:cave_spider":10,"minecraft:witch":2,"graveyard:skeleton_creeper":1,"minecraft:spider":2,"graveyard:wraith":2,"illagerinvasion:basher":2,"minecraft:skeleton":12,"minecraft:chicken":4,"minecraft:skeleton_horse":1,"minecraft:pig":9,"hunters_return:hunter":1,"minecraft:creeper":4,"minecraft:pillager":12,"minecraft:zombie":20,"eidolon:zombie_brute":4,"raided:inquisitor":1,"minecraft:cow":3,"raided:electromancer":1,"irons_spellbooks:summoned_zombie":1,"minecraft:vindicator":3,"eidolon:wraith":1,"raided:necromancer":1,"minecraft:squid":1,"alexsmobs:cockroach":1},"minecraft:mined":{"minecraft:brewing_stand":3,"minecraft:obsidian":12,"minecraft:granite":2,"minecraft:grass_block":24,"minecraft:stone_brick_wall":1,"minecraft:jungle_log":13,"graveyard:dark_iron_door":1,"minecraft:tall_seagrass":1,"minecraft:raw_iron_block":2,"minecraft:iron_ore":36,"minecraft:fire":1,"minecraft:anvil":1,"minecraft:fletching_table":6,"minecraft:deepslate_lapis_ore":1,"minecraft:oak_stairs":3,"minecraft:red_bed":2,"minecraft:smoker":1,"minecraft:torch":1,"minecraft:blast_furnace":6,"minecraft:white_stained_glass_pane":1,"farmersdelight:cabbages":14,"minecraft:sugar_cane":1,"minecraft:oak_planks":6,"minecraft:iron_door":2,"iceandfire:crackled_stone":1,"minecraft:birch_log":5,"minecraft:tnt":2,"minecraft:copper_block":49,"minecraft:grass":53,"minecraft:oak_log":6,"minecraft:sand":4,"minecraft:dirt":22,"minecraft:oak_leaves":1,"minecraft:deepslate_tiles":2,"farmersdelight:onions":16,"iceandfire:silver_ore":2,"minecraft:oak_door":1,"minecraft:decorated_pot":1,"minecraft:white_stained_glass":5,"quark:jungle_chest":1,"farmersdelight:tomatoes":14,"minecraft:cartography_table":2,"minecraft:hay_block":12,"treechop:chopped_log":41,"minecraft:bookshelf":6,"minecraft:deepslate_iron_ore":6,"minecraft:vine":22,"minecraft:stripped_oak_log":1,"minecraft:stone":55,"minecraft:smithing_table":1,"twigs:pebble":2,"minecraft:crafting_table":2,"minecraft:lectern":2,"minecraft:tall_grass":8,"minecraft:lapis_ore":4,"minecraft:deepslate_gold_ore":1,"minecraft:lily_pad":2,"minecraft:diorite":1,"villagersplus:oak_horticulturist_table":1,"supplementaries:urn":2,"minecraft:beehive":1,"minecraft:coal_ore":54,"minecraft:gravel":40,"minecraft:cobweb":9,"minecraft:spruce_fence_gate":1,"minecraft:fern":8},"minecraft:picked_up":{"illagerinvasion:platinum_chunk":3,"minecraft:anvil":1,"minecraft:smithing_table":1,"biomesoplenty:orange_autumn_sapling":19,"minecraft:oak_stairs":3,"minecraft:brewing_stand":2,"minecraft:string":17,"minecraft:raw_copper":14,"minecraft:deepslate_tiles":2,"minecraft:smooth_stone":5,"alexsmobs:banana":8,"delightful:acorn":15,"farmersdelight:cabbage":14,"twigs:pebble":19,"minecraft:white_tulip":1,"delightful:green_tea_leaf":22,"farmersdelight:cabbage_seeds":67,"minecraft:iron_boots":12,"minecraft:tipped_arrow":2,"minecraft:stick":32,"apotheosis:gem":7,"iceandfire:crackled_dirt":10,"farmersdelight:rotten_tomato":1,"forbidden_arcanus:tentacle":2,"minecraft:torch":4,"alexsmobs:shark_tooth_arrow":14,"minecraft:porkchop":22,"iceandfire:lightning_dragon_flesh":4,"survive:animal_fat":7,"minecraft:rotten_flesh":8,"biomesoplenty:mahogany_sapling":3,"farmersdelight:onion":58,"minecraft:iron_block":3,"iceandfire:crackled_grass":3,"supplementaries:ash":1,"minecraft:obsidian":12,"minecraft:blaze_powder":2,"minecraft:cobblestone":66,"minecraft:birch_log":11,"minecraft:feather":2,"minecraft:jungle_log":856,"minecraft:golden_leggings":1,"minecraft:copper_block":49,"minecraft:smoker":1,"minecraft:flint":3,"minecraft:dirt":61,"minecraft:lapis_lazuli":36,"farmersdelight:tomato":20,"eidolon:top_hat":1,"minecraft:bone":16,"minecraft:wheat_seeds":2,"minecraft:raw_gold":1,"minecraft:fletching_table":7,"alexscaves:diving_leggings":1,"twigs:twig":91,"minecraft:oak_planks":4,"minecraft:jungle_planks":1,"minecraft:sand":1,"minecolonies:durum":1,"minecraft:ink_sac":1,"iceandfire:lightning_dragon_heart":1,"minecraft:dark_oak_log":67,"minecraft:spruce_fence_gate":1,"iceandfire:crackled_stone":3,"minecraft:crossbow":1,"minecraft:granite":2,"minecraft:golden_apple":3,"minecraft:bread":1,"minecraft:emerald":82,"minecraft:deepslate_coal_ore":16,"minecraft:oak_sapling":60,"iceandfire:raw_silver":2,"iceandfire:dragon_skull_lightning":1,"minecraft:crafting_table":2,"minecraft:chicken":4,"minecraft:brown_mushroom":1,"minecraft:stone_brick_wall":1,"minecraft:gold_block":4,"minecraft:brick":4,"aether:leather_gloves":1,"minecraft:iron_axe":2,"minecraft:red_bed":2,"eidolon:red_candy":2,"minecraft:item_frame":10,"minecraft:cartography_table":2,"minecraft:beef":7,"minecraft:jungle_sapling":45,"minecraft:lectern":2,"minecraft:sugar_cane":3,"minecraft:raw_iron":42,"iceandfire:dragonbone":6,"quark:jungle_chest":1,"farmersdelight:tomato_seeds":14,"minecraft:trident":1,"minecraft:carrot":14,"minecraft:dark_oak_planks":1,"minecraft:tnt":1,"minecraft:arrow":42,"minecraft:diamond_boots":1,"minecraft:hay_block":12,"minecraft:pink_tulip":1,"minecraft:gold_ingot":6,"minecraft:stripped_oak_log":1,"minecraft:fern":1,"treasurebags:treasure_bag":4,"minecraft:oak_log":165,"minecraft:chainmail_chestplate":3,"minecraft:gunpowder":2,"farmersdelight:flint_knife":1,"minecraft:white_banner":2,"minecraft:apple":14,"minecraft:oak_fence_gate":1,"minecraft:stone_pickaxe":1,"minecolonies:garlic":1,"minecraft:book":18,"iceandfire:copper_nugget":12,"quark:white_shard":18,"minecraft:raw_iron_block":2,"minecraft:gravel":35,"minecraft:blast_furnace":7,"minecraft:spider_eye":5,"biomesoplenty:mahogany_log":26,"biomesoplenty:maple_sapling":7,"minecraft:iron_helmet":2,"minecraft:coal":56},"minecraft:custom":{"minecraft:interact_with_crafting_table":53,"minecraft:open_barrel":1,"minecraft:eat_cake_slice":2,"minecraft:leave_game":3,"minecraft:time_since_death":8142,"minecraft:damage_resisted":0,"minecraft:sprint_one_cm":793972,"minecraft:damage_blocked_by_shield":110,"minecraft:drop":179,"minecraft:talked_to_villager":143,"minecraft:play_time":335668,"minecraft:deaths":20,"minecraft:interact_with_brewingstand":2,"minecraft:jump":5757,"minecraft:walk_on_water_one_cm":31156,"minecraft:interact_with_furnace":31,"minecraft:traded_with_villager":393,"minecraft:sleep_in_bed":13,"minecraft:damage_dealt":18221,"minecraft:crouch_one_cm":33315,"minecraft:mob_kills":102,"minecraft:interact_with_anvil":8,"minecraft:damage_dealt_resisted":0,"minecraft:climb_one_cm":10610,"minecraft:walk_one_cm":569414,"minecraft:sneak_time":9462,"minecraft:walk_under_water_one_cm":12653,"minecraft:interact_with_blast_furnace":5,"minecraft:total_world_time":335668,"minecraft:raid_trigger":1,"minecraft:time_since_rest":8205,"minecraft:damage_taken":9260,"minecraft:damage_absorbed":280,"minecraft:trigger_trapped_chest":2,"minecraft:swim_one_cm":38658,"minecraft:fly_one_cm":1290231,"minecraft:open_chest":272,"minecraft:aviate_one_cm":1127,"minecraft:fall_one_cm":188426},"minecraft:killed_by":{"minecraft:vindicator":1,"minecraft:cave_spider":4,"minecraft:zombie":3,"raided:incinerator":1,"irons_spellbooks:necromancer":2,"minecraft:skeleton":2,"iceandfire:lightning_dragon":5},"minecraft:broken":{"minecraft:iron_axe":1}},"DataVersion":3465}