{"stats":{"minecraft:killed":{"minecraft:cave_spider":10,"minecraft:spider":1,"minecraft:skeleton":1,"eidolon:wraith":1,"minecraft:pig":4,"minecraft:creeper":1,"minecraft:pillager":4,"minecraft:zombie":5,"alexsmobs:cockroach":1,"minecraft:cow":1},"minecraft:used":{"minecraft:trident":1,"farmersdelight:cabbage_seeds":13,"eidolon:athame":10,"minecraft:torch":15,"minecraft:dirt":4,"iceandfire:copper_sword":14,"minecraft:dark_oak_planks":2,"minecraft:lantern":1,"minecraft:iron_axe":193,"simplyswords:iron_scythe":71,"farmersdelight:tomato_seeds":14,"minecraft:stone_pickaxe":52,"minecraft:oak_planks":13,"minecraft:cartography_table":1,"minecraft:wooden_pickaxe":3,"minecraft:fletching_table":3,"farmersdelight:onion":18,"minecraft:crafting_table":3,"minecraft:red_bed":1,"minecraft:oak_log":8,"minecraft:apple":2,"minecraft:bread":27,"minecraft:iron_pickaxe":91,"minecraft:stone_axe":56,"minecraft:cobblestone":14,"quark:oak_chest":3,"survive:filled_canteen":1},"minecraft:killed_by":{"irons_spellbooks:necromancer":1,"minecraft:cave_spider":4,"minecraft:zombie":2},"minecraft:dropped":{"minecraft:bread":1,"minecraft:candle":2,"minecraft:granite":2,"minecraft:coal":6,"minecraft:item_frame":4,"minecraft:emerald":1,"minecraft:dirt":12,"illagerinvasion:platinum_chunk":1,"immersive_armors:wooden_leggings":1,"delightful:acorn":5,"immersive_armors:wooden_chestplate":1,"minecraft:birch_log":1,"twigs:twig":1,"minecraft:stone_axe":1,"survive:animal_fat":3,"minecraft:sugar_cane":3,"immersive_armors:wooden_boots":1,"farmersdelight:cabbage_seeds":27,"minecraft:oak_planks":5,"iceandfire:copper_sword":1,"minecraft:oak_sapling":16,"minecraft:stone_pickaxe":2,"immersive_armors:wooden_helmet":1},"minecraft:custom":{"minecraft:mob_kills":30,"minecraft:interact_with_crafting_table":19,"minecraft:damage_dealt_resisted":0,"minecraft:leave_game":1,"minecraft:time_since_death":982,"minecraft:climb_one_cm":157,"minecraft:damage_resisted":0,"minecraft:sprint_one_cm":299740,"minecraft:walk_one_cm":172087,"minecraft:drop":29,"minecraft:talked_to_villager":45,"minecraft:play_time":102957,"minecraft:deaths":7,"minecraft:sneak_time":2224,"minecraft:walk_under_water_one_cm":1565,"minecraft:interact_with_brewingstand":2,"minecraft:jump":2034,"minecraft:walk_on_water_one_cm":8338,"minecraft:total_world_time":102957,"minecraft:traded_with_villager":39,"minecraft:sleep_in_bed":4,"minecraft:time_since_rest":0,"minecraft:damage_taken":2742,"minecraft:trigger_trapped_chest":1,"minecraft:damage_dealt":4668,"minecraft:swim_one_cm":4691,"minecraft:fly_one_cm":478115,"minecraft:open_chest":48,"minecraft:crouch_one_cm":9045,"minecraft:aviate_one_cm":81,"minecraft:fall_one_cm":69928},"minecraft:crafted":{"minecraft:oak_planks":328,"minecraft:bow":1,"minecraft:iron_boots":1,"minecraft:stone_pickaxe":1,"minecraft:dark_oak_planks":268,"minecraft:arrow":64,"minecraft:emerald":34,"minecraft:crafting_table":1,"minecraft:iron_helmet":1,"minecraft:wooden_pickaxe":1,"minecraft:fletching_table":1,"minecraft:stone_axe":1,"minecraft:air":0,"simplyswords:iron_scythe":1,"minecraft:iron_chestplate":1,"minecraft:stick":1134,"quark:oak_chest":3,"minecraft:iron_ingot":27,"minecraft:iron_leggings":1,"minecraft:torch":20},"minecraft:picked_up":{"minecraft:crafting_table":2,"illagerinvasion:platinum_chunk":1,"biomesoplenty:orange_autumn_sapling":19,"minecraft:oak_stairs":1,"minecraft:stone_brick_wall":1,"minecraft:brewing_stand":1,"minecraft:string":9,"minecraft:red_bed":1,"minecraft:iron_axe":1,"minecraft:item_frame":4,"minecraft:cartography_table":2,"twigs:pebble":7,"farmersdelight:cabbage":14,"delightful:acorn":13,"minecraft:beef":2,"minecraft:lectern":2,"minecraft:sugar_cane":3,"delightful:green_tea_leaf":11,"farmersdelight:cabbage_seeds":67,"minecraft:iron_boots":2,"minecraft:raw_iron":41,"apotheosis:gem":3,"farmersdelight:rotten_tomato":1,"minecraft:torch":1,"minecraft:porkchop":4,"farmersdelight:tomato_seeds":14,"survive:animal_fat":3,"minecraft:trident":1,"minecraft:rotten_flesh":2,"biomesoplenty:mahogany_sapling":3,"farmersdelight:onion":58,"minecraft:hay_block":12,"minecraft:iron_block":3,"minecraft:blaze_powder":2,"minecraft:cobblestone":28,"minecraft:birch_log":1,"minecraft:flint":2,"minecraft:oak_log":158,"minecraft:lapis_lazuli":36,"farmersdelight:flint_knife":1,"farmersdelight:tomato":20,"minecraft:dirt":16,"minecraft:apple":14,"minecraft:raw_gold":1,"minecraft:stone_pickaxe":1,"minecraft:fletching_table":2,"twigs:twig":61,"minecraft:oak_planks":3,"minecraft:book":18,"minecraft:gravel":19,"minecraft:raw_iron_block":2,"minecraft:dark_oak_log":67,"minecraft:spider_eye":5,"biomesoplenty:mahogany_log":26,"biomesoplenty:maple_sapling":7,"minecraft:granite":2,"minecraft:emerald":5,"minecraft:bread":1,"minecraft:oak_sapling":57,"minecraft:coal":54,"iceandfire:raw_silver":2},"minecraft:mined":{"farmersdelight:onions":16,"iceandfire:silver_ore":2,"minecraft:brewing_stand":2,"minecraft:granite":2,"minecraft:grass_block":4,"minecraft:stone_brick_wall":1,"farmersdelight:tomatoes":14,"minecraft:cartography_table":2,"minecraft:hay_block":12,"minecraft:raw_iron_block":2,"minecraft:iron_ore":36,"treechop:chopped_log":29,"minecraft:fletching_table":2,"minecraft:deepslate_lapis_ore":1,"minecraft:bookshelf":6,"minecraft:deepslate_iron_ore":5,"minecraft:oak_stairs":1,"minecraft:stone":29,"minecraft:red_bed":1,"minecraft:crafting_table":2,"minecraft:torch":1,"minecraft:lectern":2,"farmersdelight:cabbages":14,"minecraft:tall_grass":2,"minecraft:lapis_ore":4,"minecraft:deepslate_gold_ore":1,"minecraft:oak_planks":3,"minecraft:sugar_cane":1,"minecraft:grass":17,"minecraft:coal_ore":54,"minecraft:oak_log":6,"minecraft:gravel":21,"minecraft:dirt":12,"minecraft:cobweb":2,"minecraft:oak_leaves":1,"minecraft:fern":7}},"DataVersion":3465}