{"stats":{"minecraft:mined":{"minecraft:iron_ore":2,"treechop:chopped_log":3,"minecraft:crafting_table":1,"minecraft:grass":1,"minecraft:grass_block":4,"minecraft:coal_ore":20,"minecraft:dirt":8,"minecraft:stone":20,"minecraft:oak_leaves":6,"minecraft:fern":1},"minecraft:killed_by":{"minecraft:vindicator":1},"minecraft:used":{"minecraft:oak_log":1,"minecraft:bread":4,"minecraft:stone_pickaxe":26,"minecraft:chest":1,"minecraft:wooden_pickaxe":16,"epicfight:stone_greatsword":3,"minecraft:stone_axe":19,"minecraft:crafting_table":1,"minecraft:egg":2},"minecraft:picked_up":{"minecraft:raw_iron":2,"minecraft:stick":7,"minecraft:crafting_table":1,"minecraft:feather":1,"minecraft:chicken":1,"minecraft:acacia_log":24,"paraglider:spirit_orb":1,"minecraft:oak_log":6,"minecraft:dirt":11,"minecraft:oak_sapling":4,"minecraft:chest":1,"minecraft:coal":19,"minecraft:cobblestone":20,"minecraft:egg":2},"minecraft:killed":{"minecraft:chicken":1},"minecraft:custom":{"minecraft:time_since_rest":13833,"minecraft:walk_one_cm":126757,"minecraft:damage_taken":549,"minecraft:sprint_one_cm":108291,"minecraft:damage_absorbed":5,"minecraft:mob_kills":1,"minecraft:damage_dealt":314,"minecraft:swim_one_cm":1760,"minecraft:interact_with_crafting_table":3,"minecraft:fly_one_cm":124423,"minecraft:crouch_one_cm":2247,"minecraft:play_time":27503,"minecraft:deaths":1,"minecraft:sneak_time":423,"minecraft:walk_under_water_one_cm":553,"minecraft:jump":643,"minecraft:time_since_death":13786,"minecraft:walk_on_water_one_cm":1246,"minecraft:total_world_time":27503,"minecraft:fall_one_cm":10187},"minecraft:crafted":{"minecraft:stone_pickaxe":1,"minecraft:air":23}},"DataVersion":2975}