{"stats":{"minecraft:used":{"minecraft:trident":1,"minecraft:stone_pickaxe":51,"farmersdelight:cabbage_seeds":13,"minecraft:wooden_pickaxe":3,"minecraft:torch":1,"farmersdelight:onion":18,"minecraft:dirt":4,"iceandfire:copper_sword":14,"minecraft:crafting_table":3,"minecraft:oak_log":3,"minecraft:iron_axe":7,"minecraft:lantern":1,"minecraft:bread":12,"minecraft:iron_pickaxe":2,"minecraft:stone_axe":56,"minecraft:cobblestone":14,"simplyswords:iron_scythe":52,"quark:oak_chest":2,"farmersdelight:tomato_seeds":14},"minecraft:killed_by":{"minecraft:cave_spider":4},"minecraft:crafted":{"minecraft:oak_planks":220,"minecraft:crafting_table":1,"minecraft:wooden_pickaxe":1,"minecraft:iron_helmet":1,"minecraft:stone_axe":1,"simplyswords:iron_scythe":1,"minecraft:iron_chestplate":1,"minecraft:iron_boots":1,"minecraft:stick":12,"quark:oak_chest":2,"minecraft:iron_ingot":27,"minecraft:stone_pickaxe":1,"minecraft:iron_leggings":1,"minecraft:torch":4},"minecraft:dropped":{"minecraft:stone_axe":1,"survive:animal_fat":3,"minecraft:candle":2,"farmersdelight:cabbage_seeds":27,"immersive_armors:wooden_boots":1,"minecraft:granite":2,"minecraft:coal":6,"minecraft:item_frame":4,"minecraft:emerald":1,"minecraft:dirt":12,"illagerinvasion:platinum_chunk":1,"iceandfire:copper_sword":1,"immersive_armors:wooden_leggings":1,"minecraft:oak_sapling":2,"minecraft:stone_pickaxe":1,"immersive_armors:wooden_chestplate":1,"immersive_armors:wooden_helmet":1,"twigs:twig":1},"minecraft:killed":{"minecraft:cave_spider":10,"minecraft:pig":4,"minecraft:spider":1,"minecraft:creeper":1,"minecraft:skeleton":1,"minecraft:pillager":1,"minecraft:zombie":4,"minecraft:cow":1},"minecraft:picked_up":{"minecraft:crafting_table":2,"illagerinvasion:platinum_chunk":1,"minecraft:oak_log":58,"minecraft:brewing_stand":1,"farmersdelight:tomato":20,"minecraft:dirt":16,"farmersdelight:flint_knife":1,"minecraft:string":9,"minecraft:iron_axe":1,"minecraft:item_frame":4,"minecraft:apple":1,"farmersdelight:cabbage":14,"delightful:acorn":5,"minecraft:beef":2,"minecraft:stone_pickaxe":1,"minecraft:fletching_table":1,"minecraft:lectern":1,"twigs:twig":1,"farmersdelight:cabbage_seeds":67,"minecraft:book":18,"minecraft:raw_iron":1,"apotheosis:gem":3,"farmersdelight:rotten_tomato":1,"minecraft:raw_iron_block":2,"minecraft:porkchop":4,"farmersdelight:tomato_seeds":14,"survive:animal_fat":3,"minecraft:trident":1,"minecraft:spider_eye":5,"minecraft:rotten_flesh":2,"farmersdelight:onion":58,"minecraft:hay_block":12,"minecraft:granite":2,"minecraft:iron_block":3,"minecraft:emerald":2,"minecraft:oak_sapling":18,"minecraft:coal":27,"minecraft:blaze_powder":2,"minecraft:cobblestone":20},"minecraft:custom":{"minecraft:mob_kills":23,"minecraft:interact_with_crafting_table":16,"minecraft:damage_dealt_resisted":0,"minecraft:time_since_death":35119,"minecraft:sleep_in_bed":1,"minecraft:climb_one_cm":75,"minecraft:damage_resisted":0,"minecraft:time_since_rest":12355,"minecraft:sprint_one_cm":136120,"minecraft:damage_taken":1448,"minecraft:walk_one_cm":79913,"minecraft:trigger_trapped_chest":1,"minecraft:drop":22,"minecraft:damage_dealt":3314,"minecraft:swim_one_cm":613,"minecraft:fly_one_cm":227862,"minecraft:open_chest":17,"minecraft:crouch_one_cm":5645,"minecraft:play_time":48044,"minecraft:deaths":4,"minecraft:sneak_time":1498,"minecraft:walk_under_water_one_cm":583,"minecraft:aviate_one_cm":81,"minecraft:jump":917,"minecraft:interact_with_brewingstand":1,"minecraft:walk_on_water_one_cm":5390,"minecraft:total_world_time":48044,"minecraft:fall_one_cm":29709},"minecraft:mined":{"farmersdelight:onions":16,"minecraft:brewing_stand":1,"minecraft:crafting_table":2,"minecraft:granite":2,"minecraft:grass_block":4,"minecraft:lectern":1,"farmersdelight:cabbages":14,"farmersdelight:tomatoes":14,"minecraft:hay_block":12,"minecraft:raw_iron_block":2,"minecraft:iron_ore":1,"treechop:chopped_log":9,"minecraft:fletching_table":1,"minecraft:grass":2,"minecraft:bookshelf":6,"minecraft:coal_ore":27,"minecraft:dirt":12,"minecraft:cobweb":2,"minecraft:stone":20}},"DataVersion":3465}