{"stats":{"minecraft:mined":{"treechop:chopped_log":1,"minecraft:oak_leaves":2,"minecraft:fern":1},"minecraft:killed_by":{"minecraft:vindicator":1},"minecraft:used":{"minecraft:oak_log":1,"minecraft:bread":3,"minecraft:chest":1,"minecraft:egg":2,"epicfight:stone_greatsword":3},"minecraft:picked_up":{"minecraft:stick":4,"minecraft:feather":1,"minecraft:chicken":1,"paraglider:spirit_orb":1,"minecraft:oak_log":6,"minecraft:oak_sapling":4,"minecraft:chest":1,"minecraft:egg":2},"minecraft:killed":{"minecraft:chicken":1},"minecraft:custom":{"minecraft:time_since_rest":1833,"minecraft:deaths":1,"minecraft:crouch_one_cm":618,"minecraft:play_time":15503,"minecraft:sprint_one_cm":68483,"minecraft:damage_taken":394,"minecraft:walk_one_cm":76390,"minecraft:sneak_time":69,"minecraft:mob_kills":1,"minecraft:jump":436,"minecraft:damage_dealt":314,"minecraft:time_since_death":1786,"minecraft:total_world_time":15503,"minecraft:fly_one_cm":79419,"minecraft:fall_one_cm":6103}},"DataVersion":2975}