{"stats":{"minecraft:used":{"minecraft:lantern":1,"minecraft:bread":1,"minecraft:stone_pickaxe":29,"minecraft:wooden_pickaxe":3,"minecraft:stone_axe":2,"simplyswords:iron_scythe":4,"minecraft:dirt":4,"minecraft:cobblestone":4,"minecraft:crafting_table":2,"iceandfire:copper_sword":13},"minecraft:killed_by":{"minecraft:cave_spider":3},"minecraft:crafted":{"simplyswords:iron_scythe":1,"minecraft:oak_planks":24,"minecraft:iron_boots":1,"minecraft:iron_chestplate":1,"minecraft:crafting_table":1,"minecraft:iron_helmet":1,"minecraft:iron_ingot":27,"minecraft:stick":12,"minecraft:wooden_pickaxe":1,"minecraft:stone_pickaxe":1,"minecraft:iron_leggings":1,"minecraft:stone_axe":1},"minecraft:dropped":{"minecraft:oak_sapling":2,"minecraft:coal":6},"minecraft:killed":{"minecraft:cave_spider":4},"minecraft:picked_up":{"minecraft:raw_iron":1,"minecraft:crafting_table":2,"apotheosis:gem":1,"minecraft:oak_log":6,"minecraft:spider_eye":1,"minecraft:string":6,"minecraft:dirt":16,"minecraft:iron_block":3,"minecraft:granite":1,"minecraft:stone_pickaxe":1,"minecraft:oak_sapling":4,"minecraft:coal":12,"minecraft:cobblestone":15},"minecraft:mined":{"minecraft:iron_ore":1,"treechop:chopped_log":1,"minecraft:crafting_table":2,"minecraft:granite":1,"minecraft:grass":2,"minecraft:grass_block":4,"minecraft:coal_ore":12,"minecraft:dirt":12,"minecraft:cobweb":1,"minecraft:stone":15},"minecraft:custom":{"minecraft:time_since_rest":3389,"minecraft:sprint_one_cm":20189,"minecraft:damage_taken":985,"minecraft:walk_one_cm":21736,"minecraft:mob_kills":4,"minecraft:drop":2,"minecraft:damage_dealt":699,"minecraft:interact_with_crafting_table":10,"minecraft:swim_one_cm":72,"minecraft:fly_one_cm":17663,"minecraft:crouch_one_cm":1284,"minecraft:play_time":12044,"minecraft:deaths":3,"minecraft:sneak_time":293,"minecraft:walk_under_water_one_cm":412,"minecraft:jump":134,"minecraft:damage_dealt_resisted":0,"minecraft:time_since_death":3307,"minecraft:walk_on_water_one_cm":813,"minecraft:total_world_time":12044,"minecraft:fall_one_cm":5099}},"DataVersion":3465}