{"stats":{"minecraft:broken":{"minecraft:iron_axe":1},"minecraft:killed_by":{"irons_spellbooks:necromancer":2,"minecraft:cave_spider":4,"iceandfire:lightning_dragon":5,"minecraft:zombie":3},"minecraft:picked_up":{"iceandfire:dragon_skull_lightning":1,"minecraft:crafting_table":2,"illagerinvasion:platinum_chunk":1,"minecraft:chicken":4,"minecraft:anvil":1,"minecraft:brown_mushroom":1,"biomesoplenty:orange_autumn_sapling":19,"minecraft:oak_stairs":1,"minecraft:stone_brick_wall":1,"minecraft:gold_block":4,"minecraft:brewing_stand":2,"minecraft:brick":4,"aether:leather_gloves":1,"eidolon:red_candy":2,"minecraft:string":17,"minecraft:red_bed":1,"minecraft:raw_copper":14,"minecraft:iron_axe":2,"minecraft:item_frame":10,"minecraft:smooth_stone":5,"minecraft:deepslate_tiles":2,"minecraft:cartography_table":2,"alexsmobs:banana":6,"farmersdelight:cabbage":14,"twigs:pebble":8,"delightful:acorn":15,"minecraft:beef":2,"minecraft:white_tulip":1,"minecraft:jungle_sapling":42,"minecraft:lectern":2,"minecraft:sugar_cane":3,"delightful:green_tea_leaf":22,"farmersdelight:cabbage_seeds":67,"minecraft:iron_boots":3,"minecraft:tipped_arrow":1,"iceandfire:dragonbone":6,"minecraft:stick":6,"minecraft:raw_iron":42,"apotheosis:gem":7,"iceandfire:crackled_dirt":10,"farmersdelight:rotten_tomato":1,"forbidden_arcanus:tentacle":2,"quark:jungle_chest":1,"alexsmobs:shark_tooth_arrow":14,"minecraft:torch":4,"minecraft:porkchop":7,"iceandfire:lightning_dragon_flesh":4,"farmersdelight:tomato_seeds":14,"survive:animal_fat":3,"minecraft:trident":1,"minecraft:dark_oak_planks":1,"minecraft:arrow":30,"minecraft:rotten_flesh":7,"farmersdelight:onion":58,"biomesoplenty:mahogany_sapling":3,"minecraft:hay_block":12,"minecraft:iron_block":3,"iceandfire:crackled_grass":3,"minecraft:pink_tulip":1,"minecraft:gold_ingot":6,"supplementaries:ash":1,"minecraft:blaze_powder":2,"minecraft:cobblestone":64,"minecraft:birch_log":6,"minecraft:feather":2,"minecraft:jungle_log":652,"minecraft:golden_leggings":1,"minecraft:copper_block":49,"minecraft:fern":1,"treasurebags:treasure_bag":3,"minecraft:flint":2,"minecraft:oak_log":165,"minecraft:chainmail_chestplate":3,"minecraft:gunpowder":2,"farmersdelight:tomato":20,"farmersdelight:flint_knife":1,"minecraft:lapis_lazuli":36,"minecraft:dirt":57,"minecraft:bone":14,"minecraft:apple":14,"minecraft:raw_gold":1,"minecraft:oak_fence_gate":1,"minecraft:stone_pickaxe":1,"minecraft:fletching_table":3,"alexscaves:diving_leggings":1,"twigs:twig":87,"minecraft:oak_planks":4,"minecraft:book":18,"iceandfire:copper_nugget":12,"quark:white_shard":18,"minecraft:raw_iron_block":2,"minecraft:gravel":19,"minecraft:sand":1,"minecraft:ink_sac":1,"minecraft:blast_furnace":5,"iceandfire:lightning_dragon_heart":1,"minecraft:dark_oak_log":67,"minecraft:spider_eye":5,"biomesoplenty:mahogany_log":26,"minecraft:spruce_fence_gate":1,"biomesoplenty:maple_sapling":7,"iceandfire:crackled_stone":3,"minecraft:iron_helmet":2,"minecraft:granite":2,"minecraft:golden_apple":3,"minecraft:emerald":75,"minecraft:bread":1,"minecraft:deepslate_coal_ore":16,"minecraft:oak_sapling":60,"minecraft:coal":54,"iceandfire:raw_silver":2},"minecraft:custom":{"minecraft:interact_with_anvil":6,"minecraft:mob_kills":64,"minecraft:interact_with_crafting_table":42,"minecraft:open_barrel":1,"minecraft:damage_dealt_resisted":0,"minecraft:eat_cake_slice":2,"minecraft:leave_game":2,"minecraft:time_since_death":31714,"minecraft:damage_resisted":0,"minecraft:climb_one_cm":10246,"minecraft:sprint_one_cm":574963,"minecraft:damage_blocked_by_shield":110,"minecraft:walk_one_cm":426548,"minecraft:drop":120,"minecraft:talked_to_villager":100,"minecraft:play_time":245463,"minecraft:deaths":16,"minecraft:sneak_time":5820,"minecraft:walk_under_water_one_cm":12209,"minecraft:interact_with_brewingstand":2,"minecraft:jump":4061,"minecraft:interact_with_blast_furnace":1,"minecraft:walk_on_water_one_cm":24103,"minecraft:total_world_time":245463,"minecraft:interact_with_furnace":16,"minecraft:traded_with_villager":253,"minecraft:sleep_in_bed":9,"minecraft:time_since_rest":31854,"minecraft:damage_taken":7008,"minecraft:damage_absorbed":280,"minecraft:trigger_trapped_chest":1,"minecraft:damage_dealt":10955,"minecraft:swim_one_cm":37962,"minecraft:fly_one_cm":897062,"minecraft:open_chest":190,"minecraft:crouch_one_cm":21234,"minecraft:aviate_one_cm":928,"minecraft:fall_one_cm":130454},"minecraft:crafted":{"minecraft:smooth_stone":5,"minecraft:oak_planks":356,"simplyswords:diamond_scythe":1,"quark:jungle_chest":5,"minecraft:furnace":1,"minecraft:stone":5,"minecraft:diamond_helmet":2,"minecraft:diamond_leggings":1,"minecraft:bow":3,"minecraft:iron_boots":10,"minecraft:stone_pickaxe":1,"minecraft:tipped_arrow":75,"minecraft:dark_oak_planks":268,"minecraft:arrow":208,"minecraft:emerald":183,"minecraft:cooked_porkchop":4,"minecraft:crafting_table":3,"minecraft:wooden_pickaxe":1,"minecraft:iron_helmet":1,"minecraft:bowl":4,"minecraft:chainmail_chestplate":14,"minecraft:fletching_table":1,"minecraft:stone_axe":1,"minecraft:air":0,"minecraft:jungle_planks":536,"simplyswords:iron_scythe":1,"minecraft:iron_chestplate":2,"minecraft:stick":6479,"quark:oak_chest":6,"minecraft:iron_ingot":27,"minecraft:chainmail_boots":12,"minecraft:wooden_axe":1,"minecraft:iron_leggings":1,"minecraft:torch":20},"minecraft:killed":{"minecraft:cave_spider":10,"minecraft:witch":1,"minecraft:spider":2,"graveyard:wraith":2,"minecraft:skeleton":10,"eidolon:wraith":1,"minecraft:chicken":4,"minecraft:skeleton_horse":1,"minecraft:pig":5,"minecraft:creeper":2,"minecraft:squid":1,"minecraft:pillager":4,"alexsmobs:cockroach":1,"minecraft:zombie":16,"eidolon:zombie_brute":2,"minecraft:cow":1},"minecraft:used":{"minecraft:trident":1,"farmersdelight:cabbage_seeds":13,"quark:jungle_chest":2,"eidolon:athame":10,"minecraft:shield":3,"minecraft:torch":16,"minecraft:jungle_planks":15,"minecraft:dirt":8,"minecraft:anvil":1,"iceandfire:copper_sword":14,"minecraft:wooden_axe":18,"minecraft:dark_oak_planks":2,"wizards_reborn:arcanemicon":1,"simplyswords:diamond_scythe":16,"minecraft:lantern":1,"minecraft:iron_axe":433,"minecraft:jungle_log":42,"minecraft:iron_boots":2,"minecraft:totem_of_undying":1,"simplyswords:iron_scythe":197,"minecraft:bow":133,"minecraft:written_book":1,"minecraft:furnace":1,"alexsmobs:banana":3,"minecraft:potato":9,"farmersdelight:tomato_seeds":14,"farmersdelight:chicken_soup":1,"minecraft:cooked_mutton":1,"minecraft:stone_pickaxe":52,"minecraft:cartography_table":1,"minecraft:oak_planks":14,"minecraft:wooden_pickaxe":3,"minecraft:fletching_table":3,"minecraft:golden_apple":2,"farmersdelight:onion":18,"minecraft:crafting_table":5,"minecraft:red_bed":1,"minecraft:blast_furnace":5,"minecraft:oak_log":8,"minecraft:apple":25,"minecraft:bread":27,"minecraft:iron_pickaxe":185,"minecraft:stone_axe":56,"minecraft:cobblestone":21,"minecraft:cooked_porkchop":4,"minecraft:porkchop":3,"minecraft:birch_log":7,"quark:oak_chest":6,"survive:filled_canteen":1},"minecraft:mined":{"minecraft:deepslate_tiles":2,"farmersdelight:onions":16,"iceandfire:silver_ore":2,"minecraft:oak_door":1,"minecraft:brewing_stand":3,"minecraft:granite":2,"minecraft:stone_brick_wall":1,"minecraft:grass_block":19,"minecraft:decorated_pot":1,"minecraft:jungle_log":13,"graveyard:dark_iron_door":1,"minecraft:white_stained_glass":5,"quark:jungle_chest":1,"farmersdelight:tomatoes":14,"minecraft:cartography_table":2,"minecraft:hay_block":12,"minecraft:tall_seagrass":1,"minecraft:raw_iron_block":2,"minecraft:iron_ore":36,"minecraft:deepslate_lapis_ore":1,"treechop:chopped_log":39,"minecraft:fletching_table":2,"minecraft:anvil":1,"minecraft:bookshelf":6,"minecraft:vine":20,"minecraft:deepslate_iron_ore":6,"minecraft:oak_stairs":2,"minecraft:stone":53,"twigs:pebble":1,"minecraft:red_bed":1,"minecraft:crafting_table":2,"minecraft:torch":1,"minecraft:blast_furnace":4,"minecraft:white_stained_glass_pane":1,"minecraft:lectern":2,"farmersdelight:cabbages":14,"minecraft:tall_grass":6,"minecraft:sugar_cane":1,"minecraft:deepslate_gold_ore":1,"minecraft:lapis_ore":4,"minecraft:lily_pad":2,"minecraft:oak_planks":6,"minecraft:diorite":1,"minecraft:iron_door":2,"villagersplus:oak_horticulturist_table":1,"supplementaries:urn":2,"minecraft:birch_log":5,"iceandfire:crackled_stone":1,"minecraft:beehive":1,"minecraft:copper_block":49,"minecraft:grass":27,"minecraft:oak_log":6,"minecraft:coal_ore":54,"minecraft:gravel":21,"minecraft:sand":4,"minecraft:dirt":22,"minecraft:cobweb":9,"minecraft:spruce_fence_gate":1,"minecraft:oak_leaves":1,"minecraft:fern":8},"minecraft:dropped":{"minecraft:bread":1,"minecraft:candle":2,"alexsmobs:shark_tooth_arrow":12,"minecraft:oak_log":4,"minecraft:iron_helmet":2,"minecraft:feather":2,"forbidden_arcanus:tentacle":2,"delightful:green_tea_leaf":11,"minecraft:granite":2,"minecraft:coal":6,"minecraft:item_frame":10,"minecraft:emerald":1,"minecraft:stick":37,"minecraft:dirt":49,"twigs:pebble":7,"iceandfire:crackled_dirt":10,"illagerinvasion:platinum_chunk":1,"minecraft:ink_sac":1,"iceandfire:copper_nugget":12,"minecraft:torch":2,"immersive_armors:wooden_leggings":1,"minecraft:iron_leggings":1,"delightful:acorn":7,"minecraft:jungle_sapling":26,"iceandfire:crackled_grass":3,"minecraft:sand":1,"minecraft:smooth_stone":5,"immersive_armors:wooden_chestplate":1,"minecraft:dark_oak_planks":1,"minecraft:birch_log":1,"twigs:twig":27,"minecraft:stone_axe":1,"survive:animal_fat":3,"minecraft:sugar_cane":3,"minecraft:raw_copper":1,"minecraft:bowl":1,"farmersdelight:cabbage_seeds":27,"immersive_armors:wooden_boots":1,"minecraft:rotten_flesh":5,"aether:leather_gloves":1,"minecraft:oak_planks":7,"minecraft:iron_boots":1,"minecraft:chainmail_chestplate":11,"minecraft:oak_fence_gate":1,"supplementaries:ash":1,"simplyswords:iron_scythe":1,"minecraft:deepslate_tiles":2,"minecraft:hay_block":12,"minecraft:tipped_arrow":16,"minecraft:gunpowder":2,"iceandfire:copper_sword":1,"minecraft:charcoal":19,"minecraft:jungle_log":1,"apotheosis:gem":2,"minecraft:oak_sapling":19,"minecraft:arrow":36,"minecraft:stone_pickaxe":2,"minecraft:bow":1,"immersive_armors:wooden_helmet":1,"eidolon:red_candy":2,"minecraft:brick":4}},"DataVersion":3465}