{"stats":{"minecraft:used":{"minecraft:trident":1,"minecraft:stone_pickaxe":51,"minecraft:wooden_pickaxe":3,"minecraft:torch":1,"minecraft:dirt":4,"iceandfire:copper_sword":14,"minecraft:crafting_table":2,"minecraft:lantern":1,"minecraft:bread":4,"minecraft:stone_axe":3,"minecraft:cobblestone":12,"simplyswords:iron_scythe":32},"minecraft:killed_by":{"minecraft:cave_spider":4},"minecraft:crafted":{"minecraft:oak_planks":24,"minecraft:crafting_table":1,"minecraft:wooden_pickaxe":1,"minecraft:iron_helmet":1,"minecraft:stone_axe":1,"simplyswords:iron_scythe":1,"minecraft:iron_chestplate":1,"minecraft:iron_boots":1,"minecraft:stick":12,"minecraft:iron_ingot":27,"minecraft:stone_pickaxe":1,"minecraft:iron_leggings":1,"minecraft:torch":4},"minecraft:dropped":{"immersive_armors:wooden_boots":1,"minecraft:granite":2,"minecraft:coal":6,"minecraft:item_frame":2,"minecraft:dirt":12,"immersive_armors:wooden_leggings":1,"minecraft:oak_sapling":2,"immersive_armors:wooden_chestplate":1,"immersive_armors:wooden_helmet":1},"minecraft:killed":{"minecraft:cave_spider":10,"minecraft:spider":1,"minecraft:creeper":1,"minecraft:pillager":1,"minecraft:zombie":2},"minecraft:picked_up":{"minecraft:crafting_table":2,"illagerinvasion:platinum_chunk":1,"minecraft:oak_log":6,"minecraft:brewing_stand":1,"minecraft:dirt":16,"farmersdelight:flint_knife":1,"minecraft:string":9,"minecraft:item_frame":2,"minecraft:stone_pickaxe":1,"minecraft:lectern":1,"minecraft:raw_iron":1,"apotheosis:gem":3,"minecraft:trident":1,"minecraft:spider_eye":5,"minecraft:rotten_flesh":2,"minecraft:granite":2,"minecraft:iron_block":3,"minecraft:emerald":1,"minecraft:oak_sapling":4,"minecraft:coal":27,"minecraft:blaze_powder":2,"minecraft:cobblestone":20},"minecraft:mined":{"minecraft:brewing_stand":1,"minecraft:crafting_table":2,"minecraft:granite":2,"minecraft:grass_block":4,"minecraft:lectern":1,"minecraft:iron_ore":1,"treechop:chopped_log":1,"minecraft:grass":2,"minecraft:coal_ore":27,"minecraft:dirt":12,"minecraft:cobweb":2,"minecraft:stone":20},"minecraft:custom":{"minecraft:mob_kills":15,"minecraft:interact_with_crafting_table":10,"minecraft:damage_dealt_resisted":0,"minecraft:time_since_death":11119,"minecraft:time_since_rest":11148,"minecraft:sprint_one_cm":66874,"minecraft:damage_taken":1190,"minecraft:walk_one_cm":44045,"minecraft:drop":10,"minecraft:damage_dealt":2187,"minecraft:swim_one_cm":613,"minecraft:fly_one_cm":74325,"minecraft:open_chest":4,"minecraft:crouch_one_cm":5140,"minecraft:play_time":24044,"minecraft:deaths":4,"minecraft:sneak_time":1351,"minecraft:walk_under_water_one_cm":583,"minecraft:jump":346,"minecraft:interact_with_brewingstand":1,"minecraft:walk_on_water_one_cm":5390,"minecraft:total_world_time":24044,"minecraft:fall_one_cm":11120}},"DataVersion":3465}