{"stats":{"minecraft:killed":{"minecraft:cave_spider":10,"minecraft:pig":4,"minecraft:spider":1,"minecraft:creeper":1,"minecraft:skeleton":1,"eidolon:wraith":1,"minecraft:pillager":4,"alexsmobs:cockroach":1,"minecraft:zombie":5,"minecraft:cow":1},"minecraft:used":{"minecraft:trident":1,"minecraft:stone_pickaxe":52,"farmersdelight:cabbage_seeds":13,"minecraft:oak_planks":12,"eidolon:athame":10,"minecraft:wooden_pickaxe":3,"minecraft:fletching_table":1,"minecraft:torch":15,"farmersdelight:onion":18,"minecraft:dirt":4,"minecraft:crafting_table":3,"iceandfire:copper_sword":14,"minecraft:oak_log":3,"minecraft:iron_axe":92,"minecraft:lantern":1,"minecraft:bread":23,"minecraft:iron_pickaxe":91,"minecraft:stone_axe":56,"simplyswords:iron_scythe":71,"minecraft:cobblestone":14,"quark:oak_chest":3,"farmersdelight:tomato_seeds":14,"survive:filled_canteen":1},"minecraft:killed_by":{"minecraft:cave_spider":4},"minecraft:dropped":{"minecraft:stone_axe":1,"survive:animal_fat":3,"minecraft:candle":2,"minecraft:sugar_cane":3,"farmersdelight:cabbage_seeds":27,"immersive_armors:wooden_boots":1,"minecraft:oak_planks":5,"minecraft:granite":2,"minecraft:coal":6,"minecraft:item_frame":4,"minecraft:emerald":1,"minecraft:dirt":12,"illagerinvasion:platinum_chunk":1,"iceandfire:copper_sword":1,"immersive_armors:wooden_leggings":1,"minecraft:oak_sapling":16,"delightful:acorn":5,"minecraft:stone_pickaxe":2,"immersive_armors:wooden_chestplate":1,"minecraft:birch_log":1,"immersive_armors:wooden_helmet":1,"twigs:twig":1},"minecraft:custom":{"minecraft:mob_kills":30,"minecraft:traded_with_villager":10,"minecraft:interact_with_crafting_table":17,"minecraft:damage_dealt_resisted":0,"minecraft:leave_game":1,"minecraft:time_since_death":66032,"minecraft:damage_resisted":0,"minecraft:sleep_in_bed":2,"minecraft:climb_one_cm":75,"minecraft:time_since_rest":8675,"minecraft:sprint_one_cm":220876,"minecraft:damage_taken":2019,"minecraft:walk_one_cm":128344,"minecraft:trigger_trapped_chest":1,"minecraft:drop":28,"minecraft:damage_dealt":4655,"minecraft:talked_to_villager":10,"minecraft:swim_one_cm":4691,"minecraft:fly_one_cm":335471,"minecraft:open_chest":35,"minecraft:crouch_one_cm":7892,"minecraft:play_time":78957,"minecraft:deaths":4,"minecraft:sneak_time":1925,"minecraft:walk_under_water_one_cm":1565,"minecraft:aviate_one_cm":81,"minecraft:jump":1445,"minecraft:interact_with_brewingstand":2,"minecraft:walk_on_water_one_cm":7942,"minecraft:total_world_time":78957,"minecraft:fall_one_cm":51763},"minecraft:crafted":{"minecraft:oak_planks":220,"minecraft:emerald":10,"minecraft:crafting_table":1,"minecraft:wooden_pickaxe":1,"minecraft:iron_helmet":1,"minecraft:stone_axe":1,"minecraft:air":0,"simplyswords:iron_scythe":1,"minecraft:iron_chestplate":1,"minecraft:iron_boots":1,"minecraft:stick":340,"quark:oak_chest":3,"minecraft:iron_ingot":27,"minecraft:stone_pickaxe":1,"minecraft:iron_leggings":1,"minecraft:torch":20},"minecraft:picked_up":{"minecraft:birch_log":1,"minecraft:crafting_table":2,"illagerinvasion:platinum_chunk":1,"biomesoplenty:orange_autumn_sapling":13,"minecraft:oak_stairs":1,"minecraft:stone_brick_wall":1,"minecraft:oak_log":88,"minecraft:brewing_stand":1,"farmersdelight:tomato":20,"farmersdelight:flint_knife":1,"minecraft:dirt":16,"minecraft:lapis_lazuli":36,"minecraft:string":9,"minecraft:iron_axe":1,"minecraft:item_frame":4,"minecraft:apple":8,"minecraft:cartography_table":1,"minecraft:raw_gold":1,"farmersdelight:cabbage":14,"delightful:acorn":5,"minecraft:beef":2,"minecraft:stone_pickaxe":1,"delightful:green_tea_leaf":2,"minecraft:fletching_table":1,"minecraft:lectern":1,"twigs:twig":26,"minecraft:sugar_cane":3,"farmersdelight:cabbage_seeds":67,"minecraft:iron_boots":2,"minecraft:book":18,"minecraft:raw_iron":41,"apotheosis:gem":3,"farmersdelight:rotten_tomato":1,"minecraft:torch":1,"minecraft:raw_iron_block":2,"minecraft:porkchop":4,"farmersdelight:tomato_seeds":14,"survive:animal_fat":3,"minecraft:dark_oak_log":62,"minecraft:trident":1,"minecraft:spider_eye":5,"biomesoplenty:maple_sapling":7,"minecraft:rotten_flesh":2,"farmersdelight:onion":58,"minecraft:hay_block":12,"minecraft:granite":2,"minecraft:iron_block":3,"minecraft:emerald":5,"minecraft:oak_sapling":18,"minecraft:coal":54,"iceandfire:raw_silver":2,"minecraft:blaze_powder":2,"minecraft:cobblestone":28},"minecraft:mined":{"farmersdelight:onions":16,"iceandfire:silver_ore":2,"minecraft:brewing_stand":2,"minecraft:crafting_table":2,"minecraft:torch":1,"minecraft:granite":2,"minecraft:stone_brick_wall":1,"minecraft:grass_block":4,"minecraft:lectern":1,"farmersdelight:cabbages":14,"farmersdelight:tomatoes":14,"minecraft:cartography_table":1,"minecraft:deepslate_gold_ore":1,"minecraft:lapis_ore":4,"minecraft:sugar_cane":1,"minecraft:hay_block":12,"minecraft:raw_iron_block":2,"minecraft:iron_ore":36,"treechop:chopped_log":20,"minecraft:deepslate_lapis_ore":1,"minecraft:fletching_table":1,"minecraft:grass":7,"minecraft:bookshelf":6,"minecraft:oak_log":1,"minecraft:coal_ore":54,"minecraft:oak_stairs":1,"minecraft:deepslate_iron_ore":5,"minecraft:dirt":12,"minecraft:cobweb":2,"minecraft:stone":29}},"DataVersion":3465}