{"stats":{"minecraft:killed":{"minecraft:cave_spider":10,"minecraft:spider":1,"minecraft:skeleton":9,"eidolon:wraith":1,"minecraft:chicken":4,"minecraft:pig":5,"minecraft:creeper":2,"minecraft:pillager":4,"minecraft:zombie":9,"alexsmobs:cockroach":1,"eidolon:zombie_brute":2,"minecraft:cow":1},"minecraft:used":{"minecraft:trident":1,"farmersdelight:cabbage_seeds":13,"eidolon:athame":10,"minecraft:torch":16,"minecraft:dirt":4,"minecraft:anvil":1,"iceandfire:copper_sword":14,"minecraft:dark_oak_planks":2,"minecraft:lantern":1,"minecraft:iron_axe":278,"minecraft:jungle_log":34,"minecraft:iron_boots":2,"minecraft:totem_of_undying":1,"simplyswords:iron_scythe":101,"minecraft:bow":83,"minecraft:written_book":1,"minecraft:furnace":1,"alexsmobs:banana":1,"farmersdelight:tomato_seeds":14,"minecraft:cooked_mutton":1,"minecraft:stone_pickaxe":52,"minecraft:oak_planks":14,"minecraft:cartography_table":1,"minecraft:wooden_pickaxe":3,"minecraft:fletching_table":3,"minecraft:golden_apple":2,"farmersdelight:onion":18,"minecraft:crafting_table":3,"minecraft:red_bed":1,"minecraft:blast_furnace":5,"minecraft:oak_log":8,"minecraft:apple":14,"minecraft:bread":27,"minecraft:iron_pickaxe":173,"minecraft:stone_axe":56,"minecraft:cobblestone":21,"minecraft:porkchop":3,"minecraft:birch_log":7,"quark:oak_chest":3,"survive:filled_canteen":1},"minecraft:killed_by":{"irons_spellbooks:necromancer":2,"minecraft:cave_spider":4,"iceandfire:lightning_dragon":2,"minecraft:zombie":2},"minecraft:dropped":{"minecraft:bread":1,"minecraft:candle":2,"alexsmobs:shark_tooth_arrow":12,"minecraft:oak_log":4,"minecraft:feather":2,"minecraft:granite":2,"minecraft:coal":6,"minecraft:item_frame":10,"minecraft:emerald":1,"twigs:pebble":7,"minecraft:dirt":12,"illagerinvasion:platinum_chunk":1,"minecraft:torch":2,"immersive_armors:wooden_leggings":1,"delightful:acorn":5,"immersive_armors:wooden_chestplate":1,"minecraft:dark_oak_planks":1,"minecraft:birch_log":1,"twigs:twig":1,"minecraft:stone_axe":1,"survive:animal_fat":3,"minecraft:sugar_cane":3,"immersive_armors:wooden_boots":1,"farmersdelight:cabbage_seeds":27,"minecraft:rotten_flesh":4,"minecraft:iron_boots":1,"aether:leather_gloves":1,"minecraft:oak_planks":7,"minecraft:chainmail_chestplate":3,"minecraft:oak_fence_gate":1,"minecraft:hay_block":12,"minecraft:tipped_arrow":15,"iceandfire:copper_sword":1,"minecraft:charcoal":19,"apotheosis:gem":2,"minecraft:oak_sapling":16,"minecraft:arrow":4,"minecraft:bow":1,"minecraft:stone_pickaxe":2,"immersive_armors:wooden_helmet":1,"eidolon:red_candy":1,"minecraft:brick":4},"minecraft:custom":{"minecraft:interact_with_anvil":3,"minecraft:mob_kills":50,"minecraft:interact_with_crafting_table":28,"minecraft:open_barrel":1,"minecraft:damage_dealt_resisted":0,"minecraft:eat_cake_slice":2,"minecraft:leave_game":1,"minecraft:time_since_death":3442,"minecraft:climb_one_cm":2960,"minecraft:damage_resisted":0,"minecraft:sprint_one_cm":433881,"minecraft:walk_one_cm":305461,"minecraft:drop":59,"minecraft:talked_to_villager":80,"minecraft:play_time":162957,"minecraft:deaths":10,"minecraft:sneak_time":4871,"minecraft:walk_under_water_one_cm":1946,"minecraft:interact_with_brewingstand":2,"minecraft:jump":2906,"minecraft:interact_with_blast_furnace":1,"minecraft:walk_on_water_one_cm":8830,"minecraft:total_world_time":162957,"minecraft:interact_with_furnace":8,"minecraft:traded_with_villager":167,"minecraft:sleep_in_bed":8,"minecraft:time_since_rest":3472,"minecraft:damage_taken":4517,"minecraft:damage_absorbed":182,"minecraft:trigger_trapped_chest":1,"minecraft:damage_dealt":6366,"minecraft:swim_one_cm":6789,"minecraft:fly_one_cm":661572,"minecraft:open_chest":109,"minecraft:crouch_one_cm":18371,"minecraft:aviate_one_cm":928,"minecraft:fall_one_cm":95399},"minecraft:crafted":{"minecraft:oak_planks":328,"minecraft:furnace":1,"minecraft:stone":5,"minecraft:diamond_leggings":1,"minecraft:bow":3,"minecraft:iron_boots":10,"minecraft:stone_pickaxe":1,"minecraft:tipped_arrow":30,"minecraft:dark_oak_planks":268,"minecraft:arrow":80,"minecraft:emerald":122,"minecraft:crafting_table":1,"minecraft:iron_helmet":1,"minecraft:wooden_pickaxe":1,"minecraft:chainmail_chestplate":8,"minecraft:fletching_table":1,"minecraft:stone_axe":1,"minecraft:air":0,"simplyswords:iron_scythe":1,"minecraft:iron_chestplate":2,"minecraft:stick":3784,"minecraft:chainmail_boots":12,"quark:oak_chest":3,"minecraft:iron_ingot":27,"minecraft:iron_leggings":1,"minecraft:torch":20},"minecraft:picked_up":{"minecraft:crafting_table":2,"illagerinvasion:platinum_chunk":1,"minecraft:chicken":4,"minecraft:anvil":1,"minecraft:brown_mushroom":1,"biomesoplenty:orange_autumn_sapling":19,"minecraft:oak_stairs":1,"minecraft:stone_brick_wall":1,"minecraft:gold_block":4,"minecraft:brewing_stand":2,"minecraft:brick":4,"aether:leather_gloves":1,"eidolon:red_candy":2,"minecraft:string":10,"minecraft:red_bed":1,"minecraft:iron_axe":2,"minecraft:item_frame":10,"minecraft:cartography_table":2,"alexsmobs:banana":3,"twigs:pebble":8,"farmersdelight:cabbage":14,"delightful:acorn":13,"minecraft:beef":2,"minecraft:white_tulip":1,"minecraft:jungle_sapling":16,"minecraft:lectern":2,"minecraft:sugar_cane":3,"delightful:green_tea_leaf":14,"farmersdelight:cabbage_seeds":67,"minecraft:iron_boots":3,"minecraft:stick":6,"minecraft:raw_iron":41,"apotheosis:gem":7,"farmersdelight:rotten_tomato":1,"alexsmobs:shark_tooth_arrow":13,"minecraft:torch":4,"minecraft:porkchop":7,"farmersdelight:tomato_seeds":14,"survive:animal_fat":3,"minecraft:trident":1,"minecraft:dark_oak_planks":1,"minecraft:arrow":11,"minecraft:rotten_flesh":6,"biomesoplenty:mahogany_sapling":3,"farmersdelight:onion":58,"minecraft:hay_block":12,"minecraft:iron_block":3,"minecraft:pink_tulip":1,"minecraft:gold_ingot":6,"supplementaries:ash":1,"minecraft:blaze_powder":2,"minecraft:cobblestone":51,"minecraft:birch_log":1,"minecraft:feather":2,"minecraft:jungle_log":138,"minecraft:fern":1,"minecraft:copper_block":49,"treasurebags:treasure_bag":1,"minecraft:flint":2,"minecraft:oak_log":158,"minecraft:lapis_lazuli":36,"farmersdelight:flint_knife":1,"farmersdelight:tomato":20,"minecraft:dirt":16,"minecraft:bone":14,"minecraft:apple":14,"minecraft:raw_gold":1,"minecraft:oak_fence_gate":1,"minecraft:stone_pickaxe":1,"minecraft:fletching_table":3,"alexscaves:diving_leggings":1,"twigs:twig":65,"minecraft:oak_planks":4,"minecraft:book":18,"iceandfire:copper_nugget":12,"quark:white_shard":18,"minecraft:gravel":19,"minecraft:raw_iron_block":2,"minecraft:blast_furnace":5,"minecraft:dark_oak_log":67,"minecraft:spider_eye":5,"biomesoplenty:mahogany_log":26,"minecraft:spruce_fence_gate":1,"biomesoplenty:maple_sapling":7,"minecraft:iron_helmet":1,"minecraft:granite":2,"minecraft:golden_apple":3,"minecraft:emerald":75,"minecraft:bread":1,"minecraft:deepslate_coal_ore":16,"minecraft:oak_sapling":57,"minecraft:coal":54,"iceandfire:raw_silver":2},"minecraft:mined":{"farmersdelight:onions":16,"iceandfire:silver_ore":2,"minecraft:oak_door":1,"minecraft:brewing_stand":3,"minecraft:granite":2,"minecraft:grass_block":4,"minecraft:stone_brick_wall":1,"minecraft:decorated_pot":1,"minecraft:jungle_log":2,"minecraft:white_stained_glass":5,"farmersdelight:tomatoes":14,"minecraft:cartography_table":2,"minecraft:hay_block":12,"minecraft:raw_iron_block":2,"minecraft:iron_ore":36,"minecraft:anvil":1,"treechop:chopped_log":33,"minecraft:fletching_table":2,"minecraft:deepslate_lapis_ore":1,"minecraft:bookshelf":6,"minecraft:vine":6,"minecraft:deepslate_iron_ore":5,"minecraft:oak_stairs":2,"minecraft:stone":52,"twigs:pebble":1,"minecraft:red_bed":1,"minecraft:crafting_table":2,"minecraft:torch":1,"minecraft:blast_furnace":4,"minecraft:white_stained_glass_pane":1,"minecraft:lectern":2,"farmersdelight:cabbages":14,"minecraft:tall_grass":5,"minecraft:lapis_ore":4,"minecraft:deepslate_gold_ore":1,"minecraft:oak_planks":6,"minecraft:sugar_cane":1,"villagersplus:oak_horticulturist_table":1,"minecraft:beehive":1,"minecraft:copper_block":49,"minecraft:grass":19,"minecraft:coal_ore":54,"minecraft:oak_log":6,"minecraft:gravel":21,"minecraft:dirt":12,"minecraft:cobweb":2,"minecraft:spruce_fence_gate":1,"minecraft:oak_leaves":1,"minecraft:fern":7}},"DataVersion":3465}