{"stats":{"minecraft:used":{"minecraft:trident":6,"minecraft:apple":4,"minecraft:stone_pickaxe":64,"minecraft:iron_helmet":1,"minecraft:wooden_pickaxe":4,"minecraft:iron_boots":1,"minecraft:iron_chestplate":1,"minecraft:cobblestone":4,"minecraft:crafting_table":3,"minecraft:furnace":1,"minecraft:oak_sapling":1,"minecraft:iron_leggings":1},"minecraft:crafted":{"minecraft:oak_planks":20,"minecraft:iron_boots":1,"minecraft:iron_chestplate":1,"minecraft:iron_axe":1,"minecraft:crafting_table":1,"minecraft:iron_pickaxe":1,"minecraft:stick":8,"minecraft:iron_helmet":1,"minecraft:iron_ingot":36,"minecraft:wooden_pickaxe":1,"minecraft:stone_pickaxe":1,"minecraft:iron_block":1,"minecraft:iron_leggings":1,"minecraft:furnace":1,"minecraft:oak_button":1,"minecraft:air":0},"minecraft:dropped":{"minecraft:iron_block":3,"minecraft:moss_block":4,"minecraft:oak_button":2,"immersive_armors:wooden_leggings":1,"immersive_armors:wooden_boots":1,"minecraft:tuff":9,"minecraft:oak_sapling":1,"delightful:green_tea_leaf":3,"minecraft:stone_pickaxe":1,"minecraft:wooden_pickaxe":1,"immersive_armors:wooden_chestplate":1,"minecraft:string":1,"immersive_armors:wooden_helmet":1},"minecraft:killed":{"minecraft:cave_spider":4},"minecraft:picked_up":{"minecraft:crafting_table":2,"minecraft:raw_iron_block":25,"minecraft:tuff":9,"minecraft:oak_log":5,"minecraft:string":1,"minecraft:red_bed":1,"minecraft:iron_block":6,"minecraft:oak_button":1,"minecraft:oak_sapling":2,"minecraft:moss_block":4,"delightful:green_tea_leaf":3,"minecraft:coal":6,"minecraft:cobblestone":25},"minecraft:mined":{"minecraft:tuff":9,"minecraft:raw_iron_block":25,"minecraft:red_bed":1,"treechop:chopped_log":1,"minecraft:crafting_table":2,"minecraft:cobblestone":4,"minecraft:stone":22,"minecraft:iron_block":6,"minecraft:moss_block":2},"minecraft:custom":{"minecraft:time_since_rest":17682,"minecraft:waystone_activated":1,"minecraft:interact_with_furnace":6,"minecraft:sprint_one_cm":11125,"minecraft:damage_taken":227,"minecraft:walk_one_cm":43456,"minecraft:mob_kills":4,"minecraft:drop":19,"minecraft:damage_dealt":390,"minecraft:interact_with_crafting_table":13,"minecraft:fly_one_cm":6020,"minecraft:open_chest":7,"minecraft:crouch_one_cm":1361,"minecraft:play_time":17682,"minecraft:sneak_time":1491,"minecraft:damage_dealt_resisted":0,"minecraft:jump":68,"minecraft:time_since_death":17682,"minecraft:total_world_time":17682,"minecraft:fall_one_cm":1883}},"DataVersion":3465}