{"stats":{"minecraft:killed":{"minecraft:cave_spider":4,"minecraft:skeleton":7,"eidolon:wraith":1,"ars_nouveau:starbuncle":1,"minecraft:sheep":4,"minecraft:pillager":4,"minecraft:zombie":5},"minecraft:used":{"minecraft:trident":6,"minecraft:iron_shovel":477,"minecraft:flint_and_steel":6,"eidolon:athame":3,"minecraft:chest":2,"minecraft:iron_chestplate":1,"minecraft:torch":9,"minecraft:dirt":411,"minecraft:obsidian":2,"biomesoplenty:maple_sapling":21,"blue_skies:zeal_lighter":2,"blue_skies:lunar_stonebrick":3,"minecraft:lantern":6,"minecraft:iron_axe":288,"minecraft:iron_helmet":1,"minecraft:iron_boots":2,"minecraft:stone_brick_stairs":1,"minecraft:stone_bricks":4,"minecraft:furnace":2,"minecraft:oak_sapling":1,"minecraft:iron_leggings":1,"minecraft:water_bucket":28,"minecraft:stone_pickaxe":64,"minecraft:oak_planks":299,"minecraft:wooden_pickaxe":4,"minecraft:leather_boots":1,"blue_skies:turquoise_stonebrick":12,"minecraft:crafting_table":8,"minecraft:red_bed":2,"biomesoplenty:orange_autumn_sapling":7,"eidolon:grape_candy":1,"minecraft:apple":6,"minecraft:dark_oak_log":54,"minecraft:bread":64,"minecraft:iron_pickaxe":99,"minecraft:diamond_sword":32,"minecraft:cobblestone":4,"minecraft:potion":1,"minecraft:turtle_helmet":1,"minecraft:bucket":29,"minecraft:coarse_dirt":1,"survive:filled_canteen":6},"minecraft:dropped":{"minecraft:wheat_seeds":57,"minecraft:moss_block":4,"tetra:scroll_rolled":1,"minecraft:golden_helmet":1,"irons_spellbooks:concentration_amulet":1,"minecraft:copper_block":1,"minecraft:glass_bottle":1,"biomesoplenty:maple_sapling":12,"minecraft:oak_fence":20,"minecraft:apple":8,"delightful:green_tea_leaf":12,"eidolon:top_hat":1,"minecraft:copper_ingot":5,"blue_skies:zeal_lighter":1,"minecraft:gold_block":5,"twigs:pebble":2,"minecraft:oxeye_daisy":1,"minecraft:iron_block":3,"minecraft:dirt":56,"minecraft:dark_oak_log":3,"illagerinvasion:platinum_chunk":1,"minecraft:torch":1,"immersive_armors:wooden_leggings":1,"minecraft:cooked_cod":2,"forbidden_arcanus:spawner_scrap":1,"farmersdelight:onion":5,"minecraft:deepslate_coal_ore":16,"immersive_armors:wooden_chestplate":1,"minecraft:string":1,"twigs:twig":53,"minecraft:bone":20,"minecraft:dandelion":14,"minecraft:furnace":2,"eldritch_end:corrupted_etyr_block":32,"minecraft:tuff":9,"minecraft:wheat":7,"immersive_armors:wooden_boots":1,"minecraft:rotten_flesh":9,"minecraft:oak_planks":8,"minecraft:iron_boots":1,"eidolon:athame":1,"minecraft:azure_bluet":1,"minecraft:salmon":4,"minecraft:pumpkin_seeds":2,"minecraft:flint_and_steel":1,"supplementaries:ash":3,"minecraft:potato":6,"minecraft:trident":2,"minecraft:oak_button":2,"minecraft:allium":17,"minecraft:spruce_trapdoor":12,"minecraft:iron_chestplate":1,"minecraft:honey_block":1,"minecraft:mossy_stone_bricks":1,"minecraft:stone_brick_wall":4,"apotheosis:gem":3,"minecraft:oak_sapling":2,"minecraft:stone_bricks":4,"minecraft:arrow":2,"minecraft:stone_pickaxe":1,"minecraft:wooden_pickaxe":1,"eidolon:silver_ingot":1,"immersive_armors:wooden_helmet":1},"minecraft:broken":{"minecraft:iron_shovel":1,"minecraft:iron_axe":1},"minecraft:custom":{"minecraft:mob_kills":28,"minecraft:interact_with_crafting_table":27,"minecraft:open_barrel":6,"minecraft:damage_dealt_resisted":0,"minecraft:leave_game":1,"minecraft:time_since_death":132081,"minecraft:damage_resisted":0,"minecraft:climb_one_cm":2021,"minecraft:sprint_one_cm":244013,"minecraft:walk_one_cm":378549,"minecraft:drop":189,"minecraft:play_noteblock":1,"minecraft:talked_to_villager":5,"minecraft:play_time":132081,"minecraft:sneak_time":8169,"minecraft:walk_under_water_one_cm":13369,"minecraft:jump":1703,"minecraft:interact_with_blast_furnace":1,"minecraft:walk_on_water_one_cm":14833,"minecraft:total_world_time":132081,"minecraft:interact_with_furnace":15,"minecraft:traded_with_villager":2,"minecraft:sleep_in_bed":6,"minecraft:time_since_rest":4438,"minecraft:waystone_activated":1,"minecraft:damage_taken":3034,"minecraft:damage_dealt":5101,"minecraft:swim_one_cm":4330,"minecraft:fly_one_cm":321368,"minecraft:open_chest":113,"minecraft:crouch_one_cm":25483,"minecraft:fall_one_cm":48828},"minecraft:crafted":{"minecraft:oak_planks":308,"minecraft:raw_iron":216,"minecraft:furnace":1,"blue_skies:zeal_lighter":1,"minecraft:iron_boots":1,"minecraft:iron_axe":3,"minecraft:stone_pickaxe":1,"minecraft:oak_button":1,"minecraft:wheat":172,"blue_skies:blue_journal":1,"minecraft:crafting_table":2,"minecraft:wooden_pickaxe":1,"minecraft:iron_helmet":1,"minecraft:bucket":1,"minecraft:bread":60,"minecraft:air":0,"minecraft:iron_chestplate":1,"minecraft:stick":16,"minecraft:iron_ingot":67,"minecraft:iron_pickaxe":1,"minecraft:iron_block":1,"minecraft:iron_shovel":2,"minecraft:iron_leggings":1},"minecraft:picked_up":{"minecraft:iron_chestplate":2,"minecraft:charcoal":14,"minecraft:crafting_table":6,"minecraft:coarse_dirt":1,"minecraft:wheat":15,"minecraft:allium":17,"minecraft:azure_bluet":1,"illagerinvasion:platinum_chunk":2,"minecraft:chicken":2,"minecraft:leather_leggings":1,"minecraft:suspicious_stew":2,"biomesoplenty:orange_autumn_sapling":11,"minecraft:stone_brick_wall":4,"minecraft:gold_block":16,"minecraft:stone_brick_stairs":2,"minecraft:red_bed":2,"minecraft:string":2,"minecraft:flint_and_steel":1,"minecraft:armor_stand":3,"minecraft:candle":1,"alexsmobs:banana":1,"twigs:pebble":2,"minecraft:jungle_sapling":2,"minecraft:iron_nugget":5,"minecraft:coal_block":4,"minecraft:melon_slice":22,"delightful:green_tea_leaf":14,"minecraft:chest":2,"minecraft:iron_boots":2,"minecraft:spruce_trapdoor":12,"minecraft:furnace":3,"apotheosis:gem":4,"minecraft:copper_ingot":5,"minecraft:oak_fence":20,"minecraft:torch":5,"survive:animal_fat":4,"minecraft:carrot":10,"minecraft:trident":1,"minecraft:golden_chestplate":1,"minecraft:arrow":13,"minecraft:rotten_flesh":10,"minecraft:cooked_cod":2,"minecraft:beetroot_seeds":3,"farmersdelight:onion":5,"minecraft:hay_block":32,"minecraft:iron_block":6,"minecraft:gold_ingot":2,"supplementaries:ash":4,"forbidden_arcanus:spawner_scrap":2,"minecraft:mutton":10,"minecraft:white_wool":4,"minecraft:cobblestone":25,"minecraft:oxeye_daisy":1,"minecraft:leather_chestplate":1,"minecraft:salmon":4,"minecraft:jungle_log":97,"minecraft:golden_leggings":1,"minecraft:copper_block":1,"treasurebags:treasure_bag":1,"minecraft:potato":6,"eidolon:grape_candy":1,"minecraft:tuff":9,"minecraft:oak_log":83,"eldritch_end:corrupted_etyr_block":32,"eidolon:athame":1,"irons_spellbooks:concentration_amulet":1,"minecraft:dirt":482,"minecraft:lantern":5,"eidolon:top_hat":2,"minecraft:leather_boots":1,"minecraft:bone":31,"minecraft:apple":17,"minecraft:stone_bricks":9,"minecraft:wheat_seeds":58,"blue_skies:lunar_stonebrick":12,"minecraft:iron_ingot":1,"minecraft:mossy_stone_bricks":6,"minecraft:fletching_table":1,"minecraft:moss_block":4,"twigs:twig":55,"minecraft:oak_planks":35,"minecraft:emerald_block":5,"minecraft:chiseled_stone_bricks":2,"betterarcheology:artifact_shards":1,"minecraft:dandelion":14,"minecraft:raw_iron_block":49,"minecraft:blast_furnace":1,"minecraft:dark_oak_log":52,"eidolon:silver_ingot":1,"blue_skies:zeal_lighter":1,"minecraft:pumpkin_seeds":4,"biomesoplenty:maple_sapling":33,"minecraft:honey_block":1,"minecraft:iron_helmet":1,"minecraft:emerald":2,"minecraft:oak_button":1,"minecraft:oak_sapling":3,"minecraft:melon_seeds":2,"minecraft:coal":24},"minecraft:mined":{"minecraft:tuff":9,"minecraft:jungle_leaves":1,"minecraft:dark_oak_log":12,"minecraft:spruce_trapdoor":7,"minecraft:allium":7,"minecraft:grass_block":337,"minecraft:stone_brick_wall":3,"minecraft:coal_block":4,"minecraft:moss_block":2,"minecraft:oxeye_daisy":1,"minecraft:spawner":1,"minecraft:chiseled_stone_bricks":5,"minecraft:hay_block":20,"farmersdelight:wild_onions":5,"minecraft:raw_iron_block":25,"minecraft:furnace":1,"minecraft:fire":4,"biomesoplenty:lavender":2,"treechop:chopped_log":16,"minecraft:fletching_table":1,"minecraft:azure_bluet":1,"minecraft:gold_block":16,"minecraft:lime_stained_glass_pane":1,"minecraft:vine":1,"minecraft:lantern":5,"betterarcheology:loot_vase":3,"minecraft:stone":22,"minecraft:iron_block":6,"minecraft:tripwire":2,"twigs:pebble":1,"minecraft:glass_pane":1,"minecraft:red_bed":2,"minecraft:stone_brick_slab":1,"minecraft:dandelion":7,"minecraft:oak_fence":11,"minecraft:crafting_table":6,"minecraft:torch":2,"minecraft:honey_block":1,"minecraft:blast_furnace":1,"minecraft:melon":4,"minecraft:chest":2,"minecraft:campfire":7,"minecraft:tall_grass":4,"minecraft:cobblestone":4,"minecraft:green_stained_glass_pane":1,"minecraft:oak_planks":33,"ars_nouveau:blue_archwood_leaves":4,"minecraft:wall_torch":1,"domum_ornamentum:blockbarreldeco_standing":1,"minecraft:coarse_dirt":1,"betterarcheology:loot_vase_creeper":3,"biomesoplenty:maple_sapling":2,"minecraft:stone_brick_stairs":4,"minecraft:copper_block":2,"minecraft:grass":209,"minecraft:oak_log":11,"minecraft:dirt":121,"minecraft:polished_andesite":1,"minecraft:stone_bricks":31,"minecraft:mossy_stone_bricks":10,"minecraft:oak_leaves":17,"minecraft:emerald_block":5}},"DataVersion":3465}