{"stats":{"minecraft:killed_by":{"minecraft:zombie":2,"minecraft:husk":3,"iceandfire:lightning_dragon":38,"iceandfire:ghost":2},"minecraft:broken":{"minecraft:iron_shovel":1,"minecraft:leather_leggings":1,"minecraft:iron_axe":1},"minecraft:picked_up":{"minecraft:iron_chestplate":3,"minecraft:wheat":15,"illagerinvasion:platinum_chunk":2,"minecraft:anvil":1,"minecraft:suspicious_stew":2,"biomesoplenty:orange_autumn_sapling":11,"minecraft:stone_brick_stairs":2,"biomesoplenty:rainbow_birch_sapling":1,"minecraft:string":53,"minecraft:armor_stand":5,"alexsmobs:banana":2,"delightful:acorn":3,"twigs:pebble":5,"minecraft:melon_slice":22,"delightful:green_tea_leaf":24,"minecraft:coal_block":4,"minecraft:iron_boots":2,"minecraft:furnace":3,"minecraft:tipped_arrow":18,"minecraft:stick":45,"apotheosis:gem":4,"iceandfire:crackled_dirt":11,"minecraft:oak_fence":20,"minecraft:torch":19,"alexsmobs:shark_tooth_arrow":9,"iceandfire:lightning_dragon_flesh":5,"survive:animal_fat":4,"iceandfire:crackled_gravel":6,"minecraft:diorite":7,"minecraft:golden_chestplate":1,"minecraft:rotten_flesh":18,"farmersdelight:onion":5,"minecraft:iron_block":6,"iceandfire:crackled_grass":3,"supplementaries:ash":4,"minecraft:cobblestone":99,"minecraft:leather_chestplate":2,"minecraft:andesite":4,"minecraft:jungle_log":373,"minecraft:golden_leggings":2,"minecraft:copper_block":1,"minecraft:jungle_wood":1,"minecraft:potato":6,"minecraft:flint":1,"minecraft:tuff":9,"irons_spellbooks:concentration_amulet":3,"minecraft:dirt":493,"minecraft:lantern":5,"eidolon:top_hat":2,"minecraft:leather_boots":2,"minecraft:bone":33,"minecraft:wheat_seeds":64,"minecraft:fletching_table":1,"minecraft:mossy_stone_bricks":6,"minecraft:moss_block":8,"twigs:twig":79,"minecraft:oak_planks":37,"betterarcheology:artifact_shards":1,"minecraft:dark_oak_log":52,"iceandfire:crackled_stone":19,"minecraft:granite":10,"minecraft:emerald":3,"minecraft:oak_sapling":5,"minecraft:charcoal":14,"minecraft:coarse_dirt":1,"minecraft:crafting_table":7,"minecraft:allium":17,"minecraft:azure_bluet":1,"minecraft:chicken":2,"minecraft:ladder":4,"minecraft:clay_ball":24,"minecraft:leather_leggings":1,"minecraft:stone_brick_wall":4,"minecraft:gold_block":17,"minecraft:red_bed":2,"eidolon:red_candy":1,"minecraft:flint_and_steel":1,"minecraft:candle":1,"minecraft:jungle_sapling":16,"minecraft:iron_nugget":5,"minecraft:chest":2,"minecraft:spruce_trapdoor":12,"iceandfire:dragonbone":2,"minecraft:glow_item_frame":1,"minecraft:copper_ingot":5,"minecraft:trident":1,"minecraft:carrot":10,"minecraft:arrow":55,"minecraft:cooked_cod":2,"minecraft:beetroot_seeds":3,"minecraft:hay_block":40,"minecraft:gold_ingot":2,"minecraft:glow_berries":1,"minecraft:mutton":10,"minecraft:bone_block":1,"forbidden_arcanus:spawner_scrap":6,"minecraft:white_wool":4,"minecraft:oxeye_daisy":1,"minecraft:salmon":4,"treasurebags:treasure_bag":1,"eidolon:grape_candy":1,"minecraft:oak_log":199,"minecraft:lily_pad":1,"eidolon:athame":1,"eldritch_end:corrupted_etyr_block":32,"iceandfire:myrmex_resin_jungle":2,"minecraft:apple":20,"minecraft:stone_bricks":13,"blue_skies:lunar_stonebrick":12,"minecraft:iron_ingot":3,"iceandfire:crackled_cobblestone":17,"minecraft:book":208,"minecraft:oak_slab":1,"minecraft:emerald_block":5,"minecraft:chiseled_stone_bricks":3,"minecraft:dandelion":14,"minecraft:raw_iron_block":49,"minecraft:gravel":7,"minecraft:blast_furnace":1,"minecraft:spider_eye":4,"eidolon:silver_ingot":1,"blue_skies:zeal_lighter":1,"minecraft:pumpkin_seeds":4,"biomesoplenty:maple_sapling":33,"minecraft:honey_block":1,"minecraft:iron_helmet":1,"minecraft:oak_button":1,"minecraft:melon_seeds":2,"minecraft:coal":27},"minecraft:custom":{"minecraft:interact_with_crafting_table":35,"minecraft:open_barrel":21,"minecraft:leave_game":3,"minecraft:time_since_death":5089,"minecraft:damage_resisted":0,"minecraft:sprint_one_cm":361921,"minecraft:drop":315,"minecraft:play_noteblock":1,"minecraft:talked_to_villager":15,"minecraft:play_time":266944,"minecraft:deaths":46,"minecraft:jump":3041,"minecraft:walk_on_water_one_cm":46750,"minecraft:interact_with_furnace":23,"minecraft:traded_with_villager":47,"minecraft:sleep_in_bed":10,"minecraft:waystone_activated":1,"minecraft:damage_dealt":11488,"minecraft:crouch_one_cm":39884,"minecraft:inspect_dropper":1,"minecraft:interact_with_anvil":6,"minecraft:mob_kills":51,"minecraft:damage_dealt_resisted":0,"minecraft:climb_one_cm":10853,"minecraft:walk_one_cm":614093,"minecraft:sneak_time":18889,"minecraft:walk_under_water_one_cm":51782,"minecraft:interact_with_blast_furnace":1,"minecraft:total_world_time":266944,"minecraft:time_since_rest":5124,"minecraft:damage_absorbed":120,"minecraft:damage_taken":24615,"twilightforest:life_charms_activated":1,"minecraft:swim_one_cm":16580,"minecraft:fly_one_cm":503763,"minecraft:open_chest":188,"minecraft:fall_one_cm":100754},"minecraft:crafted":{"minecraft:oak_planks":308,"minecraft:bow":9,"minecraft:iron_boots":1,"minecraft:oak_button":1,"blue_skies:blue_journal":1,"minecraft:arrow":64,"minecraft:emerald":77,"minecraft:crafting_table":2,"minecraft:wooden_pickaxe":1,"minecraft:iron_helmet":1,"minecraft:iron_chestplate":1,"minecraft:stick":1008,"minecraft:iron_ingot":184,"minecraft:iron_pickaxe":1,"minecraft:iron_block":4,"minecraft:gold_ingot":9,"minecraft:raw_iron":216,"minecraft:coal":90,"quark:jungle_chest":2,"minecraft:furnace":1,"blue_skies:zeal_lighter":1,"minecraft:iron_axe":3,"minecraft:stone_pickaxe":1,"minecraft:wheat":352,"minecraft:bucket":1,"minecraft:bread":120,"minecraft:air":0,"minecraft:jungle_planks":20,"minecraft:anvil":1,"minecraft:iron_leggings":1,"minecraft:iron_shovel":2,"minecraft:torch":12},"minecraft:killed":{"minecraft:cave_spider":11,"minecraft:spider":1,"minecraft:skeleton":11,"minecraft:sheep":4,"minecraft:pillager":4,"minecraft:zombie":6,"iceandfire:lightning_dragon":1,"eidolon:wraith":3,"minecraft:husk":5,"ars_nouveau:starbuncle":1,"iceandfire:ghost":1},"minecraft:used":{"minecraft:iron_shovel":477,"minecraft:chest":2,"minecraft:iron_sword":1,"minecraft:iron_chestplate":1,"minecraft:obsidian":3,"minecraft:jungle_sapling":1,"blue_skies:lunar_stonebrick":3,"minecraft:lantern":6,"minecraft:iron_helmet":2,"minecraft:stone_brick_stairs":1,"minecraft:stone_bricks":6,"minecraft:bow":138,"minecraft:oak_sapling":1,"minecraft:furnace":2,"minecraft:stone_pickaxe":65,"minecraft:oak_planks":300,"minecraft:wooden_pickaxe":4,"blue_skies:turquoise_stonebrick":12,"minecraft:golden_apple":1,"minecraft:glow_berries":1,"iceandfire:lightning_dragon_flesh":1,"minecraft:dark_oak_log":54,"minecraft:bread":138,"eidolon:red_candy":1,"minecraft:diamond_sword":178,"minecraft:coarse_dirt":1,"minecraft:trident":16,"minecraft:flint_and_steel":6,"minecraft:armor_stand":1,"quark:jungle_chest":2,"eidolon:athame":3,"minecraft:torch":53,"survive:canteen":1,"minecraft:dirt":411,"minecraft:anvil":2,"biomesoplenty:maple_sapling":21,"wizards_reborn:arcanemicon":2,"blue_skies:zeal_lighter":2,"minecraft:iron_axe":590,"minecraft:jungle_log":2,"minecraft:iron_boots":3,"minecraft:totem_of_undying":2,"alexsmobs:banana":1,"minecraft:iron_leggings":1,"minecraft:water_bucket":63,"minecraft:leather_boots":1,"minecraft:jungle_wood":1,"minecraft:crafting_table":9,"minecraft:red_bed":2,"biomesoplenty:orange_autumn_sapling":7,"minecraft:oak_log":2,"eidolon:grape_candy":1,"minecraft:apple":6,"minecraft:iron_pickaxe":263,"minecraft:cobblestone":45,"minecraft:potion":1,"minecraft:turtle_helmet":1,"minecraft:bucket":64,"survive:filled_canteen":11},"minecraft:mined":{"iceandfire:copper_pile":1,"minecraft:jungle_leaves":1,"minecraft:spruce_trapdoor":7,"minecraft:cave_vines_plant":1,"minecraft:granite":10,"minecraft:stone_brick_wall":3,"minecraft:grass_block":341,"minecraft:jungle_log":5,"minecraft:coal_block":4,"minecraft:oxeye_daisy":1,"minecraft:spawner":4,"minecraft:chiseled_stone_bricks":7,"iceandfire:crackled_cobblestone":15,"minecraft:raw_iron_block":25,"minecraft:fire":4,"biomesoplenty:lavender":2,"minecraft:fletching_table":1,"minecraft:anvil":1,"iceandfire:crackled_dirt":11,"minecraft:azure_bluet":1,"minecraft:lime_stained_glass_pane":1,"betterarcheology:loot_vase":3,"minecraft:iron_block":6,"minecraft:tripwire":2,"minecraft:red_bed":2,"iceandfire:myrmex_resin_jungle":2,"minecraft:clay":6,"minecraft:torch":5,"minecraft:blast_furnace":1,"minecraft:melon":4,"minecraft:chest":2,"minecraft:cobblestone":14,"minecraft:oak_planks":34,"minecraft:wall_torch":3,"domum_ornamentum:blockbarreldeco_standing":1,"minecraft:jungle_wood":1,"iceandfire:crackled_stone":18,"biomesoplenty:maple_sapling":2,"minecraft:stone_brick_stairs":5,"minecraft:copper_block":2,"minecraft:grass":244,"minecraft:oak_log":13,"minecraft:dirt":127,"minecraft:oak_leaves":19,"minecraft:emerald_block":5,"minecraft:tuff":9,"minecraft:dark_oak_log":12,"iceandfire:crackled_gravel":5,"minecraft:allium":7,"minecraft:moss_block":6,"minecraft:hay_block":28,"farmersdelight:wild_onions":5,"minecraft:furnace":1,"iceandfire:crackled_grass":3,"minecraft:andesite":4,"treechop:chopped_log":32,"minecraft:gold_block":17,"minecraft:bookshelf":72,"minecraft:vine":10,"minecraft:lantern":5,"minecraft:stone":93,"minecraft:bone_block":1,"minecraft:oak_slab":1,"twigs:pebble":1,"minecraft:glass_pane":1,"minecraft:stone_brick_slab":1,"minecraft:dandelion":7,"minecraft:oak_fence":11,"minecraft:crafting_table":7,"minecraft:honey_block":1,"minecraft:campfire":7,"minecraft:copper_ore":3,"minecraft:tall_grass":6,"minecraft:lapis_ore":3,"minecraft:green_stained_glass_pane":1,"minecraft:lily_pad":1,"ars_nouveau:blue_archwood_leaves":4,"minecraft:diorite":6,"minecraft:coarse_dirt":1,"betterarcheology:loot_vase_creeper":3,"minecraft:coal_ore":3,"minecraft:gravel":8,"minecraft:cobweb":22,"minecraft:cracked_stone_bricks":2,"minecraft:stone_bricks":40,"minecraft:polished_andesite":1,"minecraft:mossy_stone_bricks":11,"minecraft:fern":3},"minecraft:dropped":{"minecraft:moss_block":8,"irons_spellbooks:concentration_amulet":3,"minecraft:glass_bottle":1,"minecraft:fletching_table":1,"minecraft:flint":1,"minecraft:gold_block":5,"twigs:pebble":5,"minecraft:dirt":67,"minecraft:dark_oak_log":3,"immersive_armors:wooden_leggings":1,"minecraft:cooked_cod":2,"minecraft:jungle_sapling":13,"farmersdelight:onion":5,"minecraft:deepslate_coal_ore":16,"immersive_armors:wooden_chestplate":1,"minecraft:white_wool":4,"twigs:twig":66,"minecraft:bone":20,"minecraft:wheat":7,"immersive_armors:wooden_boots":1,"biomesoplenty:rainbow_birch_sapling":2,"minecraft:rotten_flesh":10,"minecraft:oak_planks":8,"minecraft:azure_bluet":1,"iceandfire:crackled_gravel":6,"minecraft:salmon":4,"minecraft:chiseled_stone_bricks":1,"supplementaries:ash":3,"minecraft:tipped_arrow":1,"minecraft:trident":2,"minecraft:honey_block":1,"minecraft:stone_brick_wall":4,"apotheosis:gem":4,"iceandfire:crackled_cobblestone":17,"minecraft:ladder":4,"minecraft:arrow":2,"alexsmobs:banana":1,"minecraft:iron_ingot":2,"minecraft:wheat_seeds":61,"tetra:scroll_rolled":1,"minecraft:golden_helmet":1,"minecraft:copper_block":1,"biomesoplenty:maple_sapling":12,"minecraft:oak_fence":20,"minecraft:cobblestone":12,"delightful:green_tea_leaf":20,"minecraft:apple":8,"eidolon:top_hat":1,"minecraft:copper_ingot":5,"blue_skies:zeal_lighter":1,"minecraft:oxeye_daisy":1,"minecraft:iron_block":3,"illagerinvasion:platinum_chunk":1,"iceandfire:crackled_dirt":11,"minecraft:torch":1,"forbidden_arcanus:spawner_scrap":2,"delightful:acorn":3,"iceandfire:crackled_grass":3,"minecraft:string":17,"minecraft:lily_pad":1,"minecraft:dandelion":14,"minecraft:furnace":2,"eldritch_end:corrupted_etyr_block":32,"minecraft:tuff":9,"minecraft:iron_boots":1,"eidolon:athame":2,"minecraft:pumpkin_seeds":2,"minecraft:flint_and_steel":1,"minecraft:blast_furnace":1,"minecraft:potato":6,"minecraft:oak_button":2,"minecraft:allium":17,"minecraft:spruce_trapdoor":12,"minecraft:iron_chestplate":1,"minecraft:mossy_stone_bricks":1,"minecraft:oak_sapling":3,"minecraft:spider_eye":2,"minecraft:stone_bricks":5,"minecraft:bow":5,"minecraft:stone_pickaxe":1,"minecraft:wooden_pickaxe":1,"iceandfire:crackled_stone":19,"eidolon:silver_ingot":1,"immersive_armors:wooden_helmet":1}},"DataVersion":3465}