{"stats":{"minecraft:mined":{"minecraft:hay_block":12,"minecraft:acacia_leaves":1,"minecraft:crafting_table":3,"treechop:chopped_log":1,"minecraft:granite":15,"minecraft:acacia_log":2,"minecraft:grass":6,"minecraft:grass_block":2,"minecraft:chest":3,"minecraft:tall_grass":1,"minecraft:oak_leaves":3},"minecraft:killed_by":{"minecraft:skeleton":1},"minecraft:used":{"minecraft:bread":5,"minecraft:chest":2,"minecraft:wooden_pickaxe":15,"minecraft:stone_axe":4,"cloudstorage:guide_book":1,"minecraft:spyglass":7,"minecraft:dirt":2,"minecraft:crafting_table":3,"minecraft:egg":1},"minecraft:dropped":{"minecraft:vine":9,"minecraft:wheat_seeds":1,"minecraft:iron_nugget":3,"minecraft:acacia_sapling":3,"minecraft:chest":1,"minecraft:writable_book":1,"minecraft:chain":3},"minecraft:picked_up":{"minecraft:stick":11,"minecraft:crafting_table":3,"minecraft:feather":4,"minecraft:emerald_block":3,"minecraft:acacia_log":6,"minecraft:filled_map":1,"paraglider:spirit_orb":1,"minecraft:chain":3,"minecraft:vine":9,"minecraft:map":4,"minecraft:dirt":2,"minecraft:bundle":1,"minecraft:leather_boots":1,"minecraft:arrow":38,"minecraft:bow":1,"minecraft:wheat_seeds":1,"minecraft:writable_book":1,"minecraft:hay_block":12,"minecraft:granite":15,"minecraft:iron_nugget":12,"minecraft:emerald":15,"minecraft:chest":3,"minecraft:acacia_sapling":3,"minecraft:egg":1},"minecraft:custom":{"minecraft:time_since_rest":7,"minecraft:damage_taken":679,"minecraft:sprint_one_cm":38109,"minecraft:walk_one_cm":69165,"minecraft:drop":14,"minecraft:damage_dealt":10,"minecraft:interact_with_crafting_table":6,"minecraft:swim_one_cm":4357,"minecraft:fly_one_cm":61106,"minecraft:open_chest":2,"minecraft:crouch_one_cm":4812,"minecraft:play_time":24829,"minecraft:deaths":2,"minecraft:sneak_time":819,"minecraft:walk_under_water_one_cm":3504,"minecraft:jump":313,"minecraft:leave_game":1,"minecraft:walk_on_water_one_cm":4771,"minecraft:time_since_death":0,"minecraft:sleep_in_bed":1,"minecraft:total_world_time":24829,"minecraft:fall_one_cm":9019},"minecraft:crafted":{"minecraft:stick":8,"minecraft:wooden_pickaxe":1,"minecraft:stone_pickaxe":1,"minecraft:stone_axe":1,"minecraft:air":197}},"DataVersion":2975}