{"stats":{"minecraft:mined":{"minecraft:grass":3,"minecraft:grass_block":2,"minecraft:chest":2,"minecraft:tall_grass":1,"minecraft:oak_leaves":2},"minecraft:dropped":{"minecraft:iron_nugget":1,"minecraft:chest":1},"minecraft:used":{"minecraft:dirt":2,"minecraft:bread":2,"minecraft:egg":1},"minecraft:picked_up":{"minecraft:bundle":1,"minecraft:stick":8,"minecraft:leather_boots":1,"minecraft:feather":4,"minecraft:arrow":38,"minecraft:bow":1,"minecraft:writable_book":1,"minecraft:filled_map":1,"minecraft:emerald":3,"minecraft:iron_nugget":1,"minecraft:chest":2,"minecraft:map":4,"minecraft:dirt":2,"minecraft:egg":1},"minecraft:custom":{"minecraft:time_since_rest":711,"minecraft:play_time":13078,"minecraft:sprint_one_cm":22511,"minecraft:damage_taken":90,"minecraft:walk_one_cm":37650,"minecraft:sneak_time":37,"minecraft:drop":2,"minecraft:jump":167,"minecraft:damage_dealt":5,"minecraft:time_since_death":13078,"minecraft:walk_on_water_one_cm":566,"minecraft:sleep_in_bed":1,"minecraft:total_world_time":13078,"minecraft:fall_one_cm":3345,"minecraft:fly_one_cm":29965}},"DataVersion":2975}