{"stats":{"minecraft:crafted":{"minecraft:oak_planks":308,"minecraft:bookshelf":1,"minecraft:glass":64,"minecraft:diamond_leggings":1,"minecraft:diamond_helmet":1,"minecraft:bow":11,"minecraft:iron_boots":1,"minecraft:oak_button":1,"blue_skies:blue_journal":1,"minecraft:arrow":448,"minecraft:emerald":254,"minecraft:crafting_table":2,"travelersbackpack:standard":1,"minecraft:wooden_pickaxe":1,"minecraft:iron_helmet":1,"minecraft:fletching_table":1,"iceandfire:armor_copper_leggings":1,"minecraft:lectern":1,"iceandfire:armor_copper_chestplate":1,"minecraft:dark_oak_slab":6,"minecraft:iron_chestplate":1,"minecraft:stick":5210,"minecraft:iron_ingot":277,"minecraft:iron_pickaxe":1,"minecraft:iron_block":4,"minecraft:gold_ingot":9,"minecraft:raw_iron":216,"minecraft:coal":90,"quark:jungle_chest":2,"minecraft:furnace":1,"blue_skies:zeal_lighter":1,"quark:dark_oak_chest":1,"travelersbackpack:white_sleeping_bag":2,"minecraft:iron_axe":3,"minecraft:stone_pickaxe":1,"minecraft:diamond_boots":1,"minecraft:dark_oak_planks":56,"minecraft:wheat":361,"minecraft:crossbow":5,"travelersbackpack:backpack_tank":2,"minecraft:bucket":1,"minecraft:enchanted_book":2,"minecraft:bread":120,"minecraft:air":0,"minecraft:jungle_planks":28,"minecraft:iron_shovel":2,"minecraft:iron_leggings":1,"minecraft:anvil":1,"minecraft:torch":44,"minecraft:diamond_chestplate":1},"minecraft:dropped":{"minecraft:iron_sword":1,"minecraft:moss_block":8,"irons_spellbooks:concentration_amulet":3,"minecraft:glass_bottle":2,"minecraft:crossbow":5,"minecraft:fletching_table":1,"minecraft:flint":1,"minecraft:gold_block":5,"twigs:pebble":5,"minecraft:dirt":68,"minecraft:dark_oak_log":3,"immersive_armors:wooden_leggings":1,"minecraft:cooked_cod":2,"minecraft:jungle_sapling":13,"minecraft:pumpkin_pie":2,"farmersdelight:onion":5,"minecraft:writable_book":1,"minecraft:deepslate_coal_ore":16,"immersive_armors:wooden_chestplate":1,"minecraft:white_wool":17,"twigs:twig":80,"minecraft:bone":20,"minecraft:armor_stand":2,"minecraft:cobbled_deepslate":4,"minecraft:wheat":13,"immersive_armors:wooden_boots":1,"biomesoplenty:rainbow_birch_sapling":2,"minecraft:rotten_flesh":20,"minecraft:oak_planks":8,"biomesoplenty:orange_autumn_sapling":6,"minecraft:azure_bluet":1,"iceandfire:crackled_gravel":6,"minecraft:salmon":4,"minecraft:chiseled_stone_bricks":1,"supplementaries:ash":3,"minecraft:tipped_arrow":1,"minecraft:turtle_helmet":1,"minecraft:trident":3,"minecraft:honey_block":1,"minecraft:stone_brick_wall":4,"apotheosis:gem":4,"minecraft:ladder":4,"iceandfire:crackled_cobblestone":27,"minecraft:leather_leggings":1,"minecraft:arrow":3,"alexsmobs:banana":3,"alexsmobs:fedora":1,"minecraft:water_bucket":1,"minecraft:iron_ingot":2,"tetra:scroll_rolled":1,"minecraft:wheat_seeds":63,"minecraft:golden_helmet":1,"minecraft:copper_block":1,"biomesoplenty:maple_sapling":12,"minecraft:oak_fence":20,"minecraft:cobblestone":14,"eidolon:tattered_cloth":6,"minecraft:apple":8,"delightful:green_tea_leaf":22,"eidolon:top_hat":1,"minecraft:copper_ingot":5,"blue_skies:zeal_lighter":1,"minecraft:polished_andesite":1,"minecraft:stick":7,"minecraft:oxeye_daisy":1,"minecraft:iron_block":3,"illagerinvasion:platinum_chunk":3,"minecraft:diorite":36,"iceandfire:crackled_dirt":11,"minecraft:torch":1,"travelersbackpack:blank_upgrade":1,"forbidden_arcanus:spawner_scrap":2,"delightful:acorn":9,"iceandfire:crackled_grass":3,"minecraft:polished_andesite_stairs":1,"minecraft:string":20,"minecraft:lily_pad":1,"minecraft:dandelion":14,"alexscaves:primordial_pants":1,"minecraft:furnace":2,"minecraft:bricks":2,"eldritch_end:corrupted_etyr_block":32,"minecraft:tuff":9,"minecraft:iron_boots":2,"eidolon:athame":3,"minecraft:pumpkin_seeds":2,"minecraft:blast_furnace":1,"minecraft:flint_and_steel":1,"minecraft:potato":6,"minecraft:hay_block":1,"minecraft:oak_button":2,"minecraft:allium":17,"minecraft:spruce_trapdoor":12,"minecraft:iron_chestplate":1,"minecraft:andesite":28,"minecraft:mossy_stone_bricks":5,"minecraft:oak_sapling":22,"minecraft:stone_bricks":8,"minecraft:spider_eye":3,"minecraft:bow":5,"minecraft:stone_pickaxe":1,"minecraft:wooden_pickaxe":1,"iceandfire:crackled_stone":19,"eidolon:silver_ingot":1,"immersive_armors:wooden_helmet":1},"minecraft:used":{"minecraft:moss_carpet":1,"minecraft:iron_shovel":548,"minecraft:bone_block":1,"minecraft:chest":2,"minecraft:iron_sword":8,"iceandfire:armor_copper_chestplate":1,"minecraft:iron_chestplate":1,"minecraft:obsidian":3,"minecraft:jungle_sapling":1,"blue_skies:lunar_stonebrick":3,"minecraft:lantern":6,"minecraft:iron_helmet":3,"minecraft:stone_brick_stairs":1,"minecraft:stone_bricks":9,"minecraft:bow":489,"minecraft:oak_sapling":1,"minecraft:furnace":2,"minecraft:damaged_anvil":1,"minecraft:stone_pickaxe":65,"minecraft:oak_planks":301,"minecraft:wooden_pickaxe":4,"blue_skies:turquoise_stonebrick":12,"minecraft:golden_apple":1,"minecraft:glow_berries":1,"minecraft:lingering_potion":1,"iceandfire:lightning_dragon_flesh":1,"minecraft:dark_oak_log":54,"minecraft:bread":186,"eidolon:red_candy":1,"minecraft:lectern":65,"minecraft:gravel":14,"minecraft:diamond_sword":246,"minecraft:coarse_dirt":1,"minecraft:trident":78,"minecraft:flint_and_steel":6,"minecraft:armor_stand":1,"eidolon:athame":3,"quark:jungle_chest":2,"minecraft:spruce_planks":2,"minecraft:cooked_salmon":3,"minecraft:torch":86,"survive:canteen":1,"minecraft:dirt":420,"minecraft:anvil":2,"biomesoplenty:maple_sapling":21,"wizards_reborn:arcanemicon":2,"blue_skies:zeal_lighter":2,"minecraft:dark_oak_planks":20,"minecraft:iron_axe":739,"minecraft:jungle_log":2,"minecraft:iron_boots":3,"minecraft:totem_of_undying":3,"alexsmobs:banana":2,"minecraft:cooked_beef":4,"minecraft:brown_bed":2,"minecraft:iron_leggings":1,"minecraft:water_bucket":100,"minecraft:fletching_table":2,"minecraft:green_bed":2,"minecraft:leather_boots":1,"minecraft:jungle_wood":1,"minecraft:crafting_table":9,"minecraft:red_bed":2,"biomesoplenty:orange_autumn_sapling":7,"minecraft:oak_log":2,"eidolon:grape_candy":1,"minecraft:black_wool":1,"minecraft:apple":11,"minecraft:iron_pickaxe":476,"minecraft:chiseled_stone_bricks":2,"twigs:bronzed_seashell":2,"minecraft:cobblestone":45,"minecraft:potion":1,"travelersbackpack:standard":4,"minecraft:turtle_helmet":1,"minecraft:bucket":101,"iceandfire:armor_copper_leggings":1,"survive:filled_canteen":15},"minecraft:killed":{"guardvillagers:guard":3,"minecraft:cave_spider":12,"minecraft:spider":3,"minecraft:skeleton":13,"illagerinvasion:provoker":1,"irons_spellbooks:summoned_skeleton":2,"irons_spellbooks:necromancer":1,"illagerinvasion:alchemist":1,"minecraft:sheep":13,"minecraft:pillager":10,"minecraft:zombie":8,"iceandfire:lightning_dragon":2,"minecraft:cow":3,"irons_spellbooks:summoned_zombie":1,"minecraft:vindicator":4,"illagerinvasion:marauder":1,"eidolon:wraith":5,"minecraft:husk":5,"ars_nouveau:starbuncle":1,"iceandfire:ghost":1,"iceandfire:ice_dragon":1,"minecraft:player":1},"minecraft:picked_up":{"minecraft:iron_chestplate":4,"minecraft:wheat":21,"illagerinvasion:platinum_chunk":5,"minecraft:anvil":1,"minecraft:suspicious_stew":2,"minecraft:oak_stairs":1,"biomesoplenty:orange_autumn_sapling":17,"minecraft:brown_bed":2,"minecraft:stone_brick_stairs":2,"survive:ice_cube":8,"biomesoplenty:rainbow_birch_sapling":1,"minecraft:string":63,"minecraft:iron_leggings":1,"minecraft:armor_stand":7,"minecraft:cobbled_deepslate":5,"minecraft:gold_nugget":4,"alexsmobs:banana":5,"minecraft:spruce_planks":2,"delightful:acorn":9,"twigs:pebble":5,"minecraft:melon_slice":22,"delightful:green_tea_leaf":26,"minecraft:coal_block":8,"minecraft:iron_boots":4,"minecraft:furnace":3,"minecraft:tipped_arrow":19,"minecraft:stick":58,"apotheosis:gem":4,"iceandfire:crackled_dirt":11,"minecraft:green_bed":2,"minecraft:spruce_stairs":2,"minecraft:oak_fence":20,"minecraft:torch":27,"alexsmobs:shark_tooth_arrow":9,"alexsmobs:fedora":1,"minecraft:porkchop":5,"iceandfire:lightning_dragon_flesh":7,"survive:animal_fat":9,"iceandfire:crackled_gravel":6,"minecraft:diorite":44,"minecraft:golden_chestplate":2,"eidolon:tattered_cloth":6,"minecraft:rotten_flesh":30,"farmersdelight:onion":5,"minecraft:iron_block":6,"iceandfire:crackled_grass":3,"supplementaries:ash":5,"minecraft:cobblestone":101,"minecraft:leather_chestplate":2,"minecraft:cooked_beef":4,"minecraft:water_bucket":1,"minecraft:andesite":32,"minecraft:jungle_log":477,"minecraft:golden_leggings":2,"minecraft:copper_block":1,"minecraft:jungle_wood":1,"minecraft:potato":6,"minecraft:flint":3,"minecraft:tuff":9,"irons_spellbooks:concentration_amulet":3,"minecraft:dirt":503,"minecraft:lantern":6,"eidolon:top_hat":2,"minecraft:leather_boots":2,"minecraft:bone":38,"minecraft:wheat_seeds":70,"alexscaves:diving_leggings":1,"minecraft:mossy_stone_bricks":12,"minecraft:fletching_table":2,"minecraft:moss_block":8,"twigs:twig":93,"minecraft:oak_planks":39,"minecraft:cooked_porkchop":3,"betterarcheology:artifact_shards":1,"minecraft:sand":66,"minecraft:dark_oak_log":66,"minecraft:polished_andesite":1,"minecraft:diamond":1,"iceandfire:crackled_stone":38,"minecraft:crossbow":1,"minecraft:granite":10,"minecraft:emerald":13,"minecraft:oak_sapling":24,"minecraft:bricks":2,"minecraft:charcoal":14,"minecraft:coarse_dirt":1,"minecraft:crafting_table":7,"minecraft:azure_bluet":1,"minecraft:allium":17,"minecraft:chicken":2,"minecraft:ladder":4,"minecraft:clay_ball":24,"minecraft:turtle_helmet":1,"minecraft:leather_leggings":3,"minecraft:stone_brick_wall":4,"minecraft:gold_block":23,"minecraft:moss_carpet":1,"minecraft:red_bed":2,"eidolon:red_candy":1,"minecraft:iron_axe":1,"minecraft:flint_and_steel":1,"minecraft:candle":1,"minecraft:beef":6,"minecraft:jungle_sapling":16,"minecraft:iron_nugget":8,"minecraft:lectern":64,"minecraft:chest":2,"minecraft:spruce_trapdoor":12,"iceandfire:dragonbone":2,"minecraft:glow_item_frame":1,"minecraft:copper_ingot":5,"minecraft:redstone":4,"minecraft:trident":15,"minecraft:carrot":12,"minecraft:dark_oak_planks":1,"minecraft:arrow":98,"minecraft:cooked_cod":2,"minecraft:beetroot_seeds":3,"minecraft:pumpkin_pie":6,"iceandfire:dragonscales_silver":11,"minecraft:hay_block":48,"minecraft:gold_ingot":2,"minecraft:glow_berries":1,"minecraft:mutton":24,"minecraft:white_wool":26,"forbidden_arcanus:spawner_scrap":6,"minecraft:bone_block":4,"minecraft:oxeye_daisy":1,"minecraft:mud_bricks":1,"minecraft:salmon":4,"minecraft:leather":1,"treasurebags:treasure_bag":2,"eidolon:grape_candy":1,"minecraft:oak_log":225,"minecraft:lily_pad":1,"eidolon:athame":2,"eldritch_end:corrupted_etyr_block":32,"minecraft:gunpowder":2,"iceandfire:myrmex_resin_jungle":2,"minecraft:cooked_mutton":2,"minecraft:apple":22,"minecraft:stone_bricks":24,"blue_skies:lunar_stonebrick":12,"minecraft:iron_ingot":9,"minecraft:glass_bottle":1,"minecraft:iron_sword":2,"iceandfire:crackled_cobblestone":27,"minecraft:book":208,"minecraft:oak_slab":1,"minecraft:polished_andesite_stairs":1,"minecraft:emerald_block":10,"minecraft:chiseled_stone_bricks":5,"minecraft:dandelion":14,"minecraft:raw_iron_block":49,"minecraft:gravel":21,"twigs:bronzed_seashell":2,"minecraft:blast_furnace":1,"minecraft:spider_eye":5,"iceandfire:dragonscales_copper":21,"eidolon:silver_ingot":1,"blue_skies:zeal_lighter":1,"minecraft:pumpkin_seeds":8,"biomesoplenty:maple_sapling":33,"minecraft:honey_block":1,"minecraft:iron_helmet":2,"minecraft:oak_button":1,"minecraft:black_wool":1,"minecraft:damaged_anvil":2,"minecraft:melon_seeds":2,"minecraft:coal":64},"minecraft:mined":{"minecraft:dark_oak_planks":1,"minecraft:spruce_planks":2,"iceandfire:copper_pile":1,"minecraft:jungle_leaves":4,"minecraft:spruce_trapdoor":7,"minecraft:cave_vines_plant":1,"minecraft:granite":10,"minecraft:grass_block":345,"minecraft:stone_brick_wall":4,"minecraft:jungle_log":6,"minecraft:coal_block":8,"minecraft:mud_bricks":1,"minecraft:oxeye_daisy":1,"quark:hollow_birch_log":1,"minecraft:spawner":4,"minecraft:chiseled_stone_bricks":9,"iceandfire:crackled_cobblestone":23,"minecraft:raw_iron_block":25,"minecraft:fire":4,"biomesoplenty:lavender":2,"minecraft:moss_carpet":1,"minecraft:fletching_table":2,"minecraft:anvil":1,"iceandfire:crackled_dirt":11,"minecraft:azure_bluet":1,"minecraft:brown_bed":2,"minecraft:lime_stained_glass_pane":1,"minecraft:oak_stairs":1,"betterarcheology:loot_vase":6,"minecraft:iron_block":6,"minecraft:green_bed":2,"minecraft:tripwire":6,"minecraft:red_bed":2,"iceandfire:myrmex_resin_jungle":2,"minecraft:clay":6,"minecraft:torch":5,"minecraft:blast_furnace":1,"minecraft:melon":4,"minecraft:polished_andesite_stairs":1,"minecraft:chest":2,"minecraft:cobblestone":16,"minecraft:oak_planks":36,"minecraft:damaged_anvil":2,"minecraft:bricks":2,"minecraft:wall_torch":3,"minecraft:seagrass":1,"domum_ornamentum:blockbarreldeco_standing":1,"biomesoplenty:orange_autumn_sapling":1,"minecraft:jungle_wood":1,"iceandfire:crackled_stone":33,"minecraft:blue_ice":2,"biomesoplenty:maple_sapling":2,"minecraft:stone_brick_stairs":7,"minecraft:copper_block":2,"minecraft:grass":260,"minecraft:oak_log":13,"minecraft:sand":69,"minecraft:dirt":127,"minecraft:oak_leaves":19,"minecraft:deepslate":2,"minecraft:emerald_block":10,"minecraft:tuff":9,"minecraft:dark_oak_log":14,"iceandfire:crackled_gravel":5,"minecraft:allium":7,"minecraft:moss_block":6,"minecraft:hay_block":36,"farmersdelight:wild_onions":5,"minecraft:furnace":1,"iceandfire:crackled_grass":3,"minecraft:andesite":14,"treechop:chopped_log":37,"twigs:bronzed_seashell":1,"minecraft:gold_block":23,"minecraft:mossy_stone_brick_stairs":1,"minecraft:bookshelf":72,"minecraft:vine":15,"minecraft:lantern":5,"minecraft:packed_ice":91,"minecraft:stone":94,"minecraft:bone_block":4,"minecraft:oak_slab":1,"twigs:pebble":1,"minecraft:glass_pane":2,"minecraft:stone_brick_slab":1,"minecraft:dandelion":7,"minecraft:oak_fence":11,"minecraft:crafting_table":7,"minecraft:honey_block":1,"minecraft:lectern":64,"minecraft:campfire":7,"minecraft:tall_grass":7,"minecraft:copper_ore":3,"minecraft:lapis_ore":3,"minecraft:green_stained_glass_pane":1,"minecraft:lily_pad":1,"ars_nouveau:blue_archwood_leaves":4,"minecraft:diorite":15,"minecraft:spruce_stairs":2,"minecraft:coarse_dirt":1,"betterarcheology:loot_vase_creeper":6,"minecraft:ice":5,"minecraft:coal_ore":3,"minecraft:gravel":16,"minecraft:cobweb":23,"minecraft:cracked_stone_bricks":2,"minecraft:stone_bricks":58,"minecraft:polished_andesite":3,"minecraft:mossy_stone_bricks":18,"minecraft:fern":4},"minecraft:custom":{"minecraft:animals_bred":1,"minecraft:interact_with_crafting_table":56,"minecraft:open_barrel":32,"minecraft:bell_ring":1,"minecraft:leave_game":4,"minecraft:time_since_death":6565,"minecraft:damage_resisted":0,"minecraft:sprint_one_cm":537653,"minecraft:drop":405,"minecraft:play_noteblock":1,"minecraft:talked_to_villager":181,"minecraft:play_time":425650,"minecraft:deaths":57,"minecraft:jump":4928,"minecraft:walk_on_water_one_cm":67237,"minecraft:interact_with_furnace":37,"minecraft:traded_with_villager":215,"minecraft:sleep_in_bed":15,"minecraft:waystone_activated":1,"minecraft:damage_dealt":16354,"minecraft:player_kills":1,"minecraft:crouch_one_cm":55285,"minecraft:interact_with_smoker":3,"minecraft:inspect_dropper":1,"minecraft:interact_with_anvil":19,"minecraft:mob_kills":95,"minecraft:damage_dealt_resisted":0,"minecraft:climb_one_cm":15743,"minecraft:walk_one_cm":942739,"minecraft:sneak_time":30546,"minecraft:walk_under_water_one_cm":78743,"minecraft:interact_with_blast_furnace":3,"minecraft:total_world_time":425650,"minecraft:time_since_rest":6598,"minecraft:damage_taken":31495,"minecraft:damage_absorbed":200,"twilightforest:life_charms_activated":1,"minecraft:swim_one_cm":25009,"minecraft:fly_one_cm":804915,"minecraft:open_chest":335,"minecraft:fall_one_cm":159627},"minecraft:killed_by":{"iceandfire:ice_dragon":3,"minecraft:zombie":2,"minecraft:husk":3,"iceandfire:lightning_dragon":38,"iceandfire:ghost":2,"guardvillagers:guard":4},"minecraft:broken":{"minecraft:iron_shovel":1,"minecraft:leather_leggings":1,"minecraft:iron_axe":1}},"DataVersion":3465}