{"stats":{"minecraft:killed":{"minecraft:cave_spider":5,"minecraft:skeleton":7,"eidolon:wraith":1,"ars_nouveau:starbuncle":1,"minecraft:sheep":4,"minecraft:pillager":4,"minecraft:zombie":5},"minecraft:used":{"minecraft:trident":6,"minecraft:iron_shovel":477,"minecraft:flint_and_steel":6,"eidolon:athame":3,"minecraft:chest":2,"minecraft:iron_chestplate":1,"survive:canteen":1,"minecraft:torch":14,"minecraft:dirt":411,"minecraft:anvil":1,"wizards_reborn:arcanemicon":2,"minecraft:obsidian":2,"biomesoplenty:maple_sapling":21,"blue_skies:zeal_lighter":2,"blue_skies:lunar_stonebrick":3,"minecraft:lantern":6,"minecraft:iron_axe":291,"minecraft:jungle_log":2,"minecraft:iron_helmet":1,"minecraft:iron_boots":2,"minecraft:totem_of_undying":1,"minecraft:stone_brick_stairs":1,"minecraft:stone_bricks":6,"minecraft:bow":89,"minecraft:furnace":2,"minecraft:oak_sapling":1,"minecraft:iron_leggings":1,"minecraft:water_bucket":45,"minecraft:stone_pickaxe":64,"minecraft:oak_planks":300,"minecraft:wooden_pickaxe":4,"minecraft:leather_boots":1,"blue_skies:turquoise_stonebrick":12,"minecraft:crafting_table":8,"minecraft:red_bed":2,"biomesoplenty:orange_autumn_sapling":7,"minecraft:oak_log":2,"eidolon:grape_candy":1,"minecraft:apple":6,"minecraft:dark_oak_log":54,"minecraft:bread":85,"minecraft:iron_pickaxe":149,"minecraft:diamond_sword":33,"minecraft:cobblestone":23,"minecraft:potion":1,"minecraft:turtle_helmet":1,"minecraft:bucket":46,"minecraft:coarse_dirt":1,"survive:filled_canteen":10},"minecraft:killed_by":{"iceandfire:lightning_dragon":1},"minecraft:dropped":{"minecraft:iron_ingot":2,"minecraft:wheat_seeds":57,"minecraft:moss_block":4,"tetra:scroll_rolled":1,"minecraft:golden_helmet":1,"irons_spellbooks:concentration_amulet":1,"minecraft:copper_block":1,"minecraft:glass_bottle":1,"biomesoplenty:maple_sapling":12,"minecraft:oak_fence":20,"minecraft:apple":8,"delightful:green_tea_leaf":12,"minecraft:fletching_table":1,"eidolon:top_hat":1,"minecraft:copper_ingot":5,"blue_skies:zeal_lighter":1,"minecraft:gold_block":5,"twigs:pebble":2,"minecraft:oxeye_daisy":1,"minecraft:iron_block":3,"minecraft:dirt":56,"minecraft:dark_oak_log":3,"illagerinvasion:platinum_chunk":1,"iceandfire:crackled_dirt":1,"minecraft:torch":1,"immersive_armors:wooden_leggings":1,"minecraft:cooked_cod":2,"forbidden_arcanus:spawner_scrap":1,"farmersdelight:onion":5,"minecraft:deepslate_coal_ore":16,"immersive_armors:wooden_chestplate":1,"minecraft:string":2,"twigs:twig":53,"minecraft:bone":20,"minecraft:dandelion":14,"minecraft:furnace":2,"eldritch_end:corrupted_etyr_block":32,"minecraft:tuff":9,"biomesoplenty:rainbow_birch_sapling":1,"minecraft:wheat":7,"immersive_armors:wooden_boots":1,"minecraft:rotten_flesh":9,"minecraft:oak_planks":8,"minecraft:iron_boots":1,"eidolon:athame":1,"minecraft:azure_bluet":1,"minecraft:salmon":4,"minecraft:pumpkin_seeds":2,"minecraft:flint_and_steel":1,"minecraft:blast_furnace":1,"supplementaries:ash":3,"minecraft:potato":6,"minecraft:trident":2,"minecraft:oak_button":2,"minecraft:allium":17,"minecraft:spruce_trapdoor":12,"minecraft:iron_chestplate":1,"minecraft:honey_block":1,"minecraft:mossy_stone_bricks":1,"minecraft:stone_brick_wall":4,"apotheosis:gem":3,"minecraft:oak_sapling":2,"minecraft:spider_eye":2,"minecraft:stone_bricks":4,"minecraft:arrow":2,"minecraft:bow":5,"minecraft:stone_pickaxe":1,"minecraft:wooden_pickaxe":1,"eidolon:silver_ingot":1,"immersive_armors:wooden_helmet":1},"minecraft:broken":{"minecraft:iron_shovel":1,"minecraft:leather_leggings":1,"minecraft:iron_axe":1},"minecraft:crafted":{"minecraft:oak_planks":308,"minecraft:raw_iron":216,"minecraft:coal":90,"minecraft:furnace":1,"blue_skies:zeal_lighter":1,"minecraft:bow":9,"minecraft:iron_boots":1,"minecraft:iron_axe":3,"minecraft:stone_pickaxe":1,"minecraft:oak_button":1,"minecraft:wheat":172,"blue_skies:blue_journal":1,"minecraft:arrow":64,"minecraft:emerald":77,"minecraft:crafting_table":2,"minecraft:wooden_pickaxe":1,"minecraft:iron_helmet":1,"minecraft:bucket":1,"minecraft:bread":60,"minecraft:air":0,"minecraft:jungle_planks":4,"minecraft:iron_chestplate":1,"minecraft:stick":1008,"minecraft:iron_ingot":100,"minecraft:iron_pickaxe":1,"minecraft:iron_block":4,"minecraft:anvil":1,"minecraft:iron_shovel":2,"minecraft:iron_leggings":1},"minecraft:picked_up":{"minecraft:iron_chestplate":2,"minecraft:charcoal":14,"minecraft:crafting_table":6,"minecraft:coarse_dirt":1,"minecraft:wheat":15,"minecraft:allium":17,"minecraft:azure_bluet":1,"illagerinvasion:platinum_chunk":2,"minecraft:chicken":2,"minecraft:leather_leggings":1,"minecraft:suspicious_stew":2,"biomesoplenty:orange_autumn_sapling":11,"minecraft:stone_brick_wall":4,"minecraft:gold_block":16,"minecraft:stone_brick_stairs":2,"biomesoplenty:rainbow_birch_sapling":1,"minecraft:red_bed":2,"minecraft:string":3,"minecraft:flint_and_steel":1,"minecraft:armor_stand":3,"minecraft:candle":1,"alexsmobs:banana":1,"twigs:pebble":2,"minecraft:tipped_arrow":17,"minecraft:jungle_sapling":2,"minecraft:iron_nugget":5,"minecraft:coal_block":4,"minecraft:melon_slice":22,"delightful:green_tea_leaf":14,"minecraft:chest":2,"minecraft:stick":8,"minecraft:iron_boots":2,"minecraft:spruce_trapdoor":12,"minecraft:furnace":3,"apotheosis:gem":4,"iceandfire:crackled_dirt":11,"minecraft:copper_ingot":5,"minecraft:oak_fence":20,"alexsmobs:shark_tooth_arrow":2,"minecraft:torch":6,"survive:animal_fat":4,"minecraft:carrot":10,"minecraft:trident":1,"minecraft:golden_chestplate":1,"minecraft:arrow":20,"minecraft:rotten_flesh":10,"minecraft:cooked_cod":2,"minecraft:beetroot_seeds":3,"farmersdelight:onion":5,"minecraft:hay_block":40,"minecraft:iron_block":6,"iceandfire:crackled_grass":3,"minecraft:gold_ingot":2,"supplementaries:ash":4,"forbidden_arcanus:spawner_scrap":2,"minecraft:mutton":10,"minecraft:white_wool":4,"minecraft:cobblestone":57,"minecraft:oxeye_daisy":1,"minecraft:leather_chestplate":1,"minecraft:salmon":4,"minecraft:jungle_log":99,"minecraft:golden_leggings":1,"minecraft:copper_block":1,"treasurebags:treasure_bag":1,"minecraft:potato":6,"eidolon:grape_candy":1,"minecraft:tuff":9,"minecraft:oak_log":85,"eldritch_end:corrupted_etyr_block":32,"eidolon:athame":1,"irons_spellbooks:concentration_amulet":1,"minecraft:dirt":485,"minecraft:lantern":5,"eidolon:top_hat":2,"minecraft:leather_boots":1,"minecraft:bone":31,"minecraft:apple":17,"minecraft:stone_bricks":11,"minecraft:wheat_seeds":58,"blue_skies:lunar_stonebrick":12,"minecraft:iron_ingot":3,"minecraft:mossy_stone_bricks":6,"minecraft:fletching_table":1,"minecraft:moss_block":4,"twigs:twig":55,"minecraft:oak_planks":36,"minecraft:emerald_block":5,"minecraft:chiseled_stone_bricks":3,"betterarcheology:artifact_shards":1,"minecraft:dandelion":14,"minecraft:raw_iron_block":49,"minecraft:blast_furnace":1,"minecraft:spider_eye":2,"minecraft:dark_oak_log":52,"eidolon:silver_ingot":1,"blue_skies:zeal_lighter":1,"minecraft:pumpkin_seeds":4,"biomesoplenty:maple_sapling":33,"iceandfire:crackled_stone":3,"minecraft:honey_block":1,"minecraft:iron_helmet":1,"minecraft:emerald":2,"minecraft:oak_button":1,"minecraft:oak_sapling":3,"minecraft:melon_seeds":2,"minecraft:coal":24},"minecraft:custom":{"minecraft:interact_with_anvil":2,"minecraft:mob_kills":29,"minecraft:interact_with_crafting_table":29,"minecraft:open_barrel":6,"minecraft:damage_dealt_resisted":0,"minecraft:leave_game":1,"minecraft:time_since_death":12043,"minecraft:damage_resisted":0,"minecraft:climb_one_cm":2385,"minecraft:sprint_one_cm":268785,"minecraft:walk_one_cm":425729,"minecraft:drop":202,"minecraft:play_noteblock":1,"minecraft:talked_to_villager":15,"minecraft:play_time":168081,"minecraft:deaths":1,"minecraft:sneak_time":10984,"minecraft:walk_under_water_one_cm":26667,"minecraft:jump":2087,"minecraft:interact_with_blast_furnace":1,"minecraft:walk_on_water_one_cm":16831,"minecraft:total_world_time":168081,"minecraft:interact_with_furnace":20,"minecraft:traded_with_villager":47,"minecraft:sleep_in_bed":9,"minecraft:time_since_rest":12143,"minecraft:waystone_activated":1,"minecraft:damage_absorbed":80,"minecraft:damage_taken":4526,"minecraft:damage_dealt":5115,"minecraft:swim_one_cm":4330,"minecraft:fly_one_cm":365944,"minecraft:open_chest":135,"minecraft:crouch_one_cm":29983,"minecraft:fall_one_cm":62565},"minecraft:mined":{"minecraft:tuff":9,"iceandfire:copper_pile":1,"minecraft:jungle_leaves":1,"minecraft:dark_oak_log":12,"minecraft:spruce_trapdoor":7,"minecraft:allium":7,"minecraft:grass_block":339,"minecraft:stone_brick_wall":3,"minecraft:jungle_log":2,"minecraft:coal_block":4,"minecraft:moss_block":2,"minecraft:oxeye_daisy":1,"minecraft:spawner":1,"minecraft:chiseled_stone_bricks":6,"minecraft:hay_block":28,"farmersdelight:wild_onions":5,"minecraft:raw_iron_block":25,"minecraft:furnace":1,"minecraft:fire":4,"iceandfire:crackled_grass":3,"biomesoplenty:lavender":2,"treechop:chopped_log":16,"minecraft:fletching_table":1,"iceandfire:crackled_dirt":11,"minecraft:azure_bluet":1,"minecraft:gold_block":16,"minecraft:lime_stained_glass_pane":1,"minecraft:vine":1,"minecraft:lantern":5,"betterarcheology:loot_vase":3,"minecraft:stone":44,"minecraft:iron_block":6,"minecraft:tripwire":2,"twigs:pebble":1,"minecraft:glass_pane":1,"minecraft:red_bed":2,"minecraft:stone_brick_slab":1,"minecraft:dandelion":7,"minecraft:oak_fence":11,"minecraft:crafting_table":6,"minecraft:torch":2,"minecraft:honey_block":1,"minecraft:blast_furnace":1,"minecraft:melon":4,"minecraft:chest":2,"minecraft:campfire":7,"minecraft:tall_grass":4,"minecraft:cobblestone":14,"minecraft:green_stained_glass_pane":1,"minecraft:oak_planks":33,"ars_nouveau:blue_archwood_leaves":4,"minecraft:wall_torch":1,"domum_ornamentum:blockbarreldeco_standing":1,"minecraft:coarse_dirt":1,"iceandfire:crackled_stone":3,"betterarcheology:loot_vase_creeper":3,"biomesoplenty:maple_sapling":2,"minecraft:stone_brick_stairs":4,"minecraft:copper_block":2,"minecraft:grass":209,"minecraft:oak_log":13,"minecraft:dirt":122,"minecraft:cobweb":1,"minecraft:polished_andesite":1,"minecraft:stone_bricks":34,"minecraft:mossy_stone_bricks":10,"minecraft:oak_leaves":18,"minecraft:emerald_block":5}},"DataVersion":3465}