{"stats":{"minecraft:killed":{"minecraft:cave_spider":4,"minecraft:pillager":3,"minecraft:zombie":3},"minecraft:used":{"minecraft:trident":6,"minecraft:iron_shovel":399,"minecraft:flint_and_steel":5,"eidolon:athame":3,"minecraft:chest":2,"minecraft:iron_chestplate":1,"minecraft:dirt":329,"minecraft:obsidian":2,"biomesoplenty:maple_sapling":21,"blue_skies:zeal_lighter":2,"blue_skies:lunar_stonebrick":3,"minecraft:iron_axe":114,"minecraft:iron_helmet":1,"minecraft:iron_boots":1,"minecraft:furnace":2,"minecraft:oak_sapling":1,"minecraft:iron_leggings":1,"minecraft:stone_pickaxe":64,"minecraft:wooden_pickaxe":4,"blue_skies:turquoise_stonebrick":12,"minecraft:crafting_table":6,"minecraft:red_bed":1,"biomesoplenty:orange_autumn_sapling":4,"minecraft:apple":5,"minecraft:bread":23,"minecraft:iron_pickaxe":2,"minecraft:cobblestone":4,"minecraft:coarse_dirt":1,"survive:filled_canteen":4},"minecraft:dropped":{"minecraft:wheat_seeds":27,"minecraft:moss_block":4,"tetra:scroll_rolled":1,"irons_spellbooks:concentration_amulet":1,"biomesoplenty:maple_sapling":12,"delightful:green_tea_leaf":12,"blue_skies:zeal_lighter":1,"minecraft:oxeye_daisy":1,"minecraft:iron_block":3,"minecraft:dirt":33,"minecraft:dark_oak_log":3,"illagerinvasion:platinum_chunk":1,"immersive_armors:wooden_leggings":1,"farmersdelight:onion":5,"immersive_armors:wooden_chestplate":1,"minecraft:string":1,"twigs:twig":42,"minecraft:dandelion":8,"minecraft:furnace":2,"eldritch_end:corrupted_etyr_block":32,"minecraft:tuff":9,"immersive_armors:wooden_boots":1,"minecraft:rotten_flesh":6,"eidolon:athame":1,"supplementaries:ash":3,"minecraft:trident":2,"minecraft:oak_button":2,"minecraft:allium":16,"apotheosis:gem":2,"minecraft:oak_sapling":1,"minecraft:stone_pickaxe":1,"minecraft:wooden_pickaxe":1,"immersive_armors:wooden_helmet":1},"minecraft:broken":{"minecraft:iron_shovel":1},"minecraft:custom":{"minecraft:mob_kills":10,"minecraft:interact_with_crafting_table":19,"minecraft:open_barrel":5,"minecraft:damage_dealt_resisted":0,"minecraft:leave_game":1,"minecraft:time_since_death":72081,"minecraft:damage_resisted":0,"minecraft:climb_one_cm":639,"minecraft:sprint_one_cm":123105,"minecraft:walk_one_cm":195235,"minecraft:drop":73,"minecraft:play_noteblock":1,"minecraft:talked_to_villager":3,"minecraft:play_time":72081,"minecraft:sneak_time":4764,"minecraft:walk_under_water_one_cm":2263,"minecraft:jump":782,"minecraft:walk_on_water_one_cm":3549,"minecraft:total_world_time":72081,"minecraft:interact_with_furnace":14,"minecraft:traded_with_villager":2,"minecraft:sleep_in_bed":1,"minecraft:time_since_rest":30754,"minecraft:waystone_activated":1,"minecraft:damage_taken":1173,"minecraft:damage_dealt":2066,"minecraft:swim_one_cm":1058,"minecraft:fly_one_cm":155008,"minecraft:open_chest":61,"minecraft:crouch_one_cm":14976,"minecraft:fall_one_cm":21739},"minecraft:crafted":{"minecraft:oak_planks":272,"minecraft:raw_iron":216,"minecraft:furnace":1,"blue_skies:zeal_lighter":1,"minecraft:iron_boots":1,"minecraft:iron_axe":1,"minecraft:stone_pickaxe":1,"minecraft:oak_button":1,"minecraft:wheat":108,"blue_skies:blue_journal":1,"minecraft:crafting_table":1,"minecraft:wooden_pickaxe":1,"minecraft:iron_helmet":1,"minecraft:bread":36,"minecraft:air":0,"minecraft:iron_chestplate":1,"minecraft:stick":12,"minecraft:iron_ingot":67,"minecraft:iron_pickaxe":1,"minecraft:iron_block":1,"minecraft:iron_shovel":2,"minecraft:iron_leggings":1},"minecraft:picked_up":{"minecraft:crafting_table":5,"minecraft:coarse_dirt":1,"minecraft:allium":16,"illagerinvasion:platinum_chunk":1,"biomesoplenty:orange_autumn_sapling":4,"minecraft:gold_block":1,"minecraft:red_bed":2,"minecraft:string":1,"delightful:green_tea_leaf":12,"minecraft:chest":2,"minecraft:furnace":3,"apotheosis:gem":3,"minecraft:torch":1,"minecraft:trident":1,"minecraft:rotten_flesh":7,"farmersdelight:onion":5,"minecraft:hay_block":12,"minecraft:iron_block":6,"supplementaries:ash":4,"minecraft:cobblestone":25,"minecraft:oxeye_daisy":1,"minecraft:tuff":9,"minecraft:oak_log":70,"eldritch_end:corrupted_etyr_block":32,"eidolon:athame":1,"irons_spellbooks:concentration_amulet":1,"minecraft:dirt":413,"minecraft:apple":7,"minecraft:wheat_seeds":38,"blue_skies:lunar_stonebrick":12,"minecraft:iron_ingot":1,"minecraft:moss_block":4,"twigs:twig":42,"minecraft:dandelion":10,"minecraft:raw_iron_block":49,"minecraft:dark_oak_log":20,"blue_skies:zeal_lighter":1,"biomesoplenty:maple_sapling":33,"minecraft:emerald":2,"minecraft:oak_button":1,"minecraft:oak_sapling":2,"minecraft:coal":10},"minecraft:mined":{"minecraft:tuff":9,"minecraft:allium":6,"minecraft:grass_block":283,"minecraft:moss_block":2,"minecraft:oxeye_daisy":1,"minecraft:hay_block":12,"farmersdelight:wild_onions":5,"minecraft:raw_iron_block":25,"minecraft:furnace":1,"minecraft:fire":4,"biomesoplenty:lavender":1,"treechop:chopped_log":11,"minecraft:gold_block":1,"minecraft:lime_stained_glass_pane":1,"minecraft:stone":22,"minecraft:iron_block":6,"minecraft:red_bed":2,"minecraft:dandelion":5,"minecraft:crafting_table":5,"minecraft:chest":2,"minecraft:tall_grass":1,"minecraft:cobblestone":4,"minecraft:green_stained_glass_pane":1,"ars_nouveau:blue_archwood_leaves":4,"minecraft:wall_torch":1,"domum_ornamentum:blockbarreldeco_standing":1,"minecraft:coarse_dirt":1,"biomesoplenty:maple_sapling":2,"minecraft:grass":172,"minecraft:oak_log":2,"minecraft:dirt":107,"minecraft:oak_leaves":10}},"DataVersion":3465}