{"stats":{"minecraft:used":{"minecraft:trident":6,"minecraft:flint_and_steel":4,"minecraft:stone_pickaxe":64,"eidolon:athame":3,"minecraft:wooden_pickaxe":4,"blue_skies:turquoise_stonebrick":12,"minecraft:iron_chestplate":1,"minecraft:dirt":1,"minecraft:crafting_table":5,"minecraft:red_bed":1,"minecraft:obsidian":2,"blue_skies:zeal_lighter":2,"minecraft:apple":5,"blue_skies:lunar_stonebrick":3,"minecraft:iron_axe":20,"minecraft:bread":14,"minecraft:iron_pickaxe":2,"minecraft:iron_helmet":1,"minecraft:iron_boots":1,"minecraft:cobblestone":4,"minecraft:oak_sapling":1,"minecraft:furnace":1,"minecraft:iron_leggings":1,"survive:filled_canteen":2},"minecraft:crafted":{"blue_skies:blue_journal":1,"minecraft:oak_planks":20,"minecraft:crafting_table":1,"minecraft:wooden_pickaxe":1,"minecraft:iron_helmet":1,"minecraft:furnace":1,"blue_skies:zeal_lighter":1,"minecraft:bread":36,"minecraft:air":0,"minecraft:iron_boots":1,"minecraft:iron_chestplate":1,"minecraft:iron_axe":1,"minecraft:stick":8,"minecraft:iron_ingot":36,"minecraft:iron_pickaxe":1,"minecraft:stone_pickaxe":1,"minecraft:iron_block":1,"minecraft:iron_leggings":1,"minecraft:oak_button":1,"minecraft:wheat":108},"minecraft:dropped":{"minecraft:moss_block":4,"tetra:scroll_rolled":1,"irons_spellbooks:concentration_amulet":1,"eldritch_end:corrupted_etyr_block":32,"minecraft:tuff":9,"immersive_armors:wooden_boots":1,"delightful:green_tea_leaf":3,"blue_skies:zeal_lighter":1,"minecraft:iron_block":3,"minecraft:trident":2,"minecraft:oak_button":2,"immersive_armors:wooden_leggings":1,"minecraft:oak_sapling":1,"minecraft:stone_pickaxe":1,"minecraft:wooden_pickaxe":1,"immersive_armors:wooden_chestplate":1,"minecraft:string":1,"immersive_armors:wooden_helmet":1},"minecraft:killed":{"minecraft:cave_spider":4,"minecraft:pillager":2},"minecraft:picked_up":{"minecraft:crafting_table":5,"minecraft:gold_block":1,"minecraft:tuff":9,"minecraft:oak_log":5,"eldritch_end:corrupted_etyr_block":32,"irons_spellbooks:concentration_amulet":1,"minecraft:dirt":16,"minecraft:string":1,"minecraft:red_bed":2,"minecraft:wheat_seeds":1,"blue_skies:lunar_stonebrick":12,"minecraft:moss_block":4,"delightful:green_tea_leaf":3,"minecraft:furnace":1,"minecraft:torch":1,"minecraft:raw_iron_block":49,"minecraft:trident":1,"blue_skies:zeal_lighter":1,"minecraft:hay_block":12,"minecraft:iron_block":6,"minecraft:emerald":1,"minecraft:oak_button":1,"minecraft:oak_sapling":2,"minecraft:coal":10,"minecraft:cobblestone":25},"minecraft:mined":{"minecraft:tuff":9,"minecraft:red_bed":2,"minecraft:crafting_table":5,"minecraft:cobblestone":4,"minecraft:moss_block":2,"ars_nouveau:blue_archwood_leaves":4,"minecraft:wall_torch":1,"minecraft:hay_block":12,"domum_ornamentum:blockbarreldeco_standing":1,"minecraft:raw_iron_block":25,"minecraft:furnace":1,"minecraft:fire":3,"biomesoplenty:lavender":1,"treechop:chopped_log":1,"minecraft:gold_block":1,"minecraft:grass":6,"minecraft:stone":22,"minecraft:iron_block":6},"minecraft:custom":{"minecraft:interact_with_furnace":7,"minecraft:mob_kills":6,"minecraft:traded_with_villager":2,"minecraft:interact_with_crafting_table":14,"minecraft:open_barrel":5,"minecraft:damage_dealt_resisted":0,"minecraft:time_since_death":41682,"minecraft:sleep_in_bed":1,"minecraft:climb_one_cm":639,"minecraft:damage_resisted":0,"minecraft:time_since_rest":355,"minecraft:waystone_activated":1,"minecraft:sprint_one_cm":67971,"minecraft:damage_taken":853,"minecraft:walk_one_cm":105778,"minecraft:drop":25,"minecraft:damage_dealt":1110,"minecraft:talked_to_villager":3,"minecraft:fly_one_cm":77217,"minecraft:open_chest":39,"minecraft:crouch_one_cm":1712,"minecraft:play_time":41682,"minecraft:sneak_time":1726,"minecraft:walk_under_water_one_cm":1453,"minecraft:jump":394,"minecraft:walk_on_water_one_cm":1451,"minecraft:total_world_time":41682,"minecraft:fall_one_cm":12310}},"DataVersion":3465}