{"stats":{"minecraft:used":{"minecraft:trident":6,"minecraft:flint_and_steel":3,"minecraft:stone_pickaxe":64,"eidolon:athame":3,"minecraft:wooden_pickaxe":4,"blue_skies:turquoise_stonebrick":12,"minecraft:iron_chestplate":1,"minecraft:dirt":1,"minecraft:crafting_table":3,"minecraft:obsidian":2,"blue_skies:zeal_lighter":2,"minecraft:apple":5,"blue_skies:lunar_stonebrick":3,"minecraft:iron_axe":5,"minecraft:bread":4,"minecraft:iron_pickaxe":2,"minecraft:iron_helmet":1,"minecraft:iron_boots":1,"minecraft:cobblestone":4,"minecraft:oak_sapling":1,"minecraft:furnace":1,"minecraft:iron_leggings":1,"survive:filled_canteen":1},"minecraft:crafted":{"blue_skies:blue_journal":1,"minecraft:oak_planks":20,"minecraft:crafting_table":1,"minecraft:wooden_pickaxe":1,"minecraft:iron_helmet":1,"minecraft:furnace":1,"blue_skies:zeal_lighter":1,"minecraft:air":0,"minecraft:iron_boots":1,"minecraft:iron_chestplate":1,"minecraft:iron_axe":1,"minecraft:stick":8,"minecraft:iron_ingot":36,"minecraft:iron_pickaxe":1,"minecraft:stone_pickaxe":1,"minecraft:iron_block":1,"minecraft:iron_leggings":1,"minecraft:oak_button":1},"minecraft:dropped":{"minecraft:moss_block":4,"tetra:scroll_rolled":1,"minecraft:tuff":9,"immersive_armors:wooden_boots":1,"delightful:green_tea_leaf":3,"minecraft:iron_block":3,"minecraft:trident":2,"minecraft:oak_button":2,"immersive_armors:wooden_leggings":1,"minecraft:oak_sapling":1,"minecraft:stone_pickaxe":1,"minecraft:wooden_pickaxe":1,"immersive_armors:wooden_chestplate":1,"minecraft:string":1,"immersive_armors:wooden_helmet":1},"minecraft:killed":{"minecraft:cave_spider":4},"minecraft:picked_up":{"minecraft:crafting_table":3,"minecraft:gold_block":1,"minecraft:tuff":9,"minecraft:oak_log":5,"minecraft:dirt":16,"minecraft:string":1,"minecraft:red_bed":1,"minecraft:wheat_seeds":1,"blue_skies:lunar_stonebrick":12,"minecraft:moss_block":4,"delightful:green_tea_leaf":3,"minecraft:furnace":1,"minecraft:raw_iron_block":49,"minecraft:trident":1,"minecraft:iron_block":6,"minecraft:oak_button":1,"minecraft:oak_sapling":2,"minecraft:coal":10,"minecraft:cobblestone":25},"minecraft:mined":{"minecraft:tuff":9,"minecraft:red_bed":1,"minecraft:crafting_table":3,"minecraft:cobblestone":4,"minecraft:moss_block":2,"domum_ornamentum:blockbarreldeco_standing":1,"minecraft:raw_iron_block":25,"minecraft:furnace":1,"minecraft:fire":3,"biomesoplenty:lavender":1,"treechop:chopped_log":1,"minecraft:gold_block":1,"minecraft:grass":6,"minecraft:stone":22,"minecraft:iron_block":6},"minecraft:custom":{"minecraft:interact_with_furnace":7,"minecraft:mob_kills":4,"minecraft:traded_with_villager":2,"minecraft:interact_with_crafting_table":13,"minecraft:open_barrel":1,"minecraft:damage_dealt_resisted":0,"minecraft:time_since_death":29682,"minecraft:damage_resisted":0,"minecraft:time_since_rest":29682,"minecraft:waystone_activated":1,"minecraft:sprint_one_cm":37607,"minecraft:damage_taken":383,"minecraft:walk_one_cm":75506,"minecraft:drop":22,"minecraft:damage_dealt":390,"minecraft:talked_to_villager":3,"minecraft:fly_one_cm":37172,"minecraft:open_chest":16,"minecraft:crouch_one_cm":1443,"minecraft:play_time":29682,"minecraft:sneak_time":1631,"minecraft:walk_under_water_one_cm":1453,"minecraft:jump":236,"minecraft:walk_on_water_one_cm":1451,"minecraft:total_world_time":29682,"minecraft:fall_one_cm":5426}},"DataVersion":3465}