{"stats":{"minecraft:killed":{"minecraft:cave_spider":4,"minecraft:sheep":4,"minecraft:pillager":4,"minecraft:zombie":5},"minecraft:used":{"minecraft:trident":6,"minecraft:iron_shovel":477,"minecraft:flint_and_steel":6,"eidolon:athame":3,"minecraft:chest":2,"minecraft:iron_chestplate":1,"minecraft:dirt":411,"minecraft:obsidian":2,"biomesoplenty:maple_sapling":21,"blue_skies:zeal_lighter":2,"blue_skies:lunar_stonebrick":3,"minecraft:iron_axe":255,"minecraft:iron_helmet":1,"minecraft:iron_boots":1,"minecraft:furnace":2,"minecraft:oak_sapling":1,"minecraft:iron_leggings":1,"minecraft:water_bucket":23,"minecraft:stone_pickaxe":64,"minecraft:oak_planks":299,"minecraft:wooden_pickaxe":4,"blue_skies:turquoise_stonebrick":12,"minecraft:crafting_table":7,"minecraft:red_bed":2,"biomesoplenty:orange_autumn_sapling":7,"minecraft:apple":6,"minecraft:dark_oak_log":54,"minecraft:bread":47,"minecraft:iron_pickaxe":12,"minecraft:cobblestone":4,"minecraft:bucket":24,"minecraft:coarse_dirt":1,"survive:filled_canteen":6},"minecraft:dropped":{"minecraft:wheat_seeds":57,"minecraft:moss_block":4,"tetra:scroll_rolled":1,"minecraft:golden_helmet":1,"irons_spellbooks:concentration_amulet":1,"biomesoplenty:maple_sapling":12,"minecraft:oak_fence":20,"delightful:green_tea_leaf":12,"blue_skies:zeal_lighter":1,"twigs:pebble":2,"minecraft:oxeye_daisy":1,"minecraft:iron_block":3,"minecraft:dirt":56,"minecraft:dark_oak_log":3,"illagerinvasion:platinum_chunk":1,"immersive_armors:wooden_leggings":1,"farmersdelight:onion":5,"immersive_armors:wooden_chestplate":1,"minecraft:string":1,"twigs:twig":53,"minecraft:dandelion":14,"minecraft:furnace":2,"eldritch_end:corrupted_etyr_block":32,"minecraft:tuff":9,"immersive_armors:wooden_boots":1,"minecraft:rotten_flesh":6,"eidolon:athame":1,"minecraft:azure_bluet":1,"supplementaries:ash":3,"minecraft:trident":2,"minecraft:oak_button":2,"minecraft:allium":17,"minecraft:spruce_trapdoor":12,"minecraft:stone_brick_wall":4,"apotheosis:gem":2,"minecraft:oak_sapling":2,"minecraft:stone_bricks":4,"minecraft:stone_pickaxe":1,"minecraft:wooden_pickaxe":1,"immersive_armors:wooden_helmet":1},"minecraft:broken":{"minecraft:iron_shovel":1,"minecraft:iron_axe":1},"minecraft:custom":{"minecraft:mob_kills":17,"minecraft:interact_with_crafting_table":25,"minecraft:open_barrel":6,"minecraft:damage_dealt_resisted":0,"minecraft:leave_game":1,"minecraft:time_since_death":108081,"minecraft:damage_resisted":0,"minecraft:climb_one_cm":1796,"minecraft:sprint_one_cm":206890,"minecraft:walk_one_cm":299624,"minecraft:drop":140,"minecraft:play_noteblock":1,"minecraft:talked_to_villager":3,"minecraft:play_time":108081,"minecraft:sneak_time":7267,"minecraft:walk_under_water_one_cm":13031,"minecraft:jump":1514,"minecraft:walk_on_water_one_cm":13326,"minecraft:total_world_time":108081,"minecraft:interact_with_furnace":15,"minecraft:traded_with_villager":2,"minecraft:sleep_in_bed":4,"minecraft:time_since_rest":17411,"minecraft:waystone_activated":1,"minecraft:damage_taken":2307,"minecraft:damage_dealt":3410,"minecraft:swim_one_cm":4330,"minecraft:fly_one_cm":277381,"minecraft:open_chest":73,"minecraft:crouch_one_cm":23414,"minecraft:fall_one_cm":44501},"minecraft:crafted":{"minecraft:oak_planks":296,"minecraft:raw_iron":216,"minecraft:furnace":1,"blue_skies:zeal_lighter":1,"minecraft:iron_boots":1,"minecraft:iron_axe":3,"minecraft:stone_pickaxe":1,"minecraft:oak_button":1,"minecraft:wheat":108,"blue_skies:blue_journal":1,"minecraft:crafting_table":1,"minecraft:wooden_pickaxe":1,"minecraft:iron_helmet":1,"minecraft:bucket":1,"minecraft:bread":36,"minecraft:air":0,"minecraft:iron_chestplate":1,"minecraft:stick":16,"minecraft:iron_ingot":67,"minecraft:iron_pickaxe":1,"minecraft:iron_block":1,"minecraft:iron_shovel":2,"minecraft:iron_leggings":1},"minecraft:picked_up":{"minecraft:crafting_table":6,"minecraft:coarse_dirt":1,"minecraft:allium":17,"minecraft:azure_bluet":1,"illagerinvasion:platinum_chunk":2,"biomesoplenty:orange_autumn_sapling":11,"minecraft:stone_brick_wall":4,"minecraft:gold_block":1,"minecraft:red_bed":2,"minecraft:string":1,"alexsmobs:banana":1,"twigs:pebble":2,"minecraft:jungle_sapling":2,"delightful:green_tea_leaf":14,"minecraft:chest":2,"minecraft:spruce_trapdoor":12,"minecraft:furnace":3,"apotheosis:gem":3,"minecraft:oak_fence":20,"minecraft:torch":1,"survive:animal_fat":4,"minecraft:trident":1,"minecraft:rotten_flesh":7,"farmersdelight:onion":5,"minecraft:hay_block":12,"minecraft:iron_block":6,"supplementaries:ash":4,"minecraft:mutton":6,"minecraft:white_wool":4,"minecraft:cobblestone":25,"minecraft:oxeye_daisy":1,"minecraft:jungle_log":97,"minecraft:tuff":9,"minecraft:oak_log":76,"eldritch_end:corrupted_etyr_block":32,"eidolon:athame":1,"irons_spellbooks:concentration_amulet":1,"minecraft:dirt":482,"minecraft:lantern":5,"eidolon:top_hat":1,"minecraft:apple":9,"minecraft:stone_bricks":5,"minecraft:wheat_seeds":58,"blue_skies:lunar_stonebrick":12,"minecraft:iron_ingot":1,"minecraft:moss_block":4,"twigs:twig":55,"minecraft:oak_planks":33,"minecraft:dandelion":14,"minecraft:raw_iron_block":49,"minecraft:dark_oak_log":52,"blue_skies:zeal_lighter":1,"biomesoplenty:maple_sapling":33,"minecraft:honey_block":1,"minecraft:emerald":2,"minecraft:oak_button":1,"minecraft:oak_sapling":3,"minecraft:coal":10},"minecraft:mined":{"minecraft:tuff":9,"minecraft:dark_oak_log":12,"minecraft:spruce_trapdoor":7,"minecraft:allium":7,"minecraft:grass_block":337,"minecraft:stone_brick_wall":2,"minecraft:moss_block":2,"minecraft:oxeye_daisy":1,"minecraft:hay_block":12,"farmersdelight:wild_onions":5,"minecraft:raw_iron_block":25,"minecraft:furnace":1,"minecraft:fire":4,"biomesoplenty:lavender":2,"treechop:chopped_log":16,"minecraft:azure_bluet":1,"minecraft:gold_block":1,"minecraft:lime_stained_glass_pane":1,"minecraft:vine":1,"minecraft:lantern":5,"minecraft:stone":22,"minecraft:iron_block":6,"twigs:pebble":1,"minecraft:glass_pane":1,"minecraft:red_bed":2,"minecraft:dandelion":7,"minecraft:oak_fence":11,"minecraft:crafting_table":6,"minecraft:honey_block":1,"minecraft:chest":2,"minecraft:tall_grass":4,"minecraft:cobblestone":4,"minecraft:green_stained_glass_pane":1,"minecraft:oak_planks":33,"ars_nouveau:blue_archwood_leaves":4,"minecraft:wall_torch":1,"domum_ornamentum:blockbarreldeco_standing":1,"minecraft:coarse_dirt":1,"biomesoplenty:maple_sapling":2,"minecraft:grass":209,"minecraft:oak_log":8,"minecraft:dirt":121,"minecraft:stone_bricks":3,"minecraft:oak_leaves":17}},"DataVersion":3465}