{"stats":{"minecraft:used":{"minecraft:trident":6,"minecraft:iron_shovel":39,"minecraft:flint_and_steel":5,"minecraft:stone_pickaxe":64,"eidolon:athame":3,"minecraft:chest":2,"minecraft:wooden_pickaxe":4,"blue_skies:turquoise_stonebrick":12,"minecraft:iron_chestplate":1,"minecraft:dirt":1,"minecraft:crafting_table":6,"minecraft:red_bed":1,"biomesoplenty:orange_autumn_sapling":4,"minecraft:obsidian":2,"biomesoplenty:maple_sapling":21,"blue_skies:zeal_lighter":2,"minecraft:apple":5,"blue_skies:lunar_stonebrick":3,"minecraft:iron_axe":106,"minecraft:bread":19,"minecraft:iron_pickaxe":2,"minecraft:iron_helmet":1,"minecraft:iron_boots":1,"minecraft:cobblestone":4,"minecraft:oak_sapling":1,"minecraft:furnace":2,"minecraft:coarse_dirt":1,"minecraft:iron_leggings":1,"survive:filled_canteen":2},"minecraft:crafted":{"blue_skies:blue_journal":1,"minecraft:oak_planks":272,"minecraft:raw_iron":216,"minecraft:crafting_table":1,"minecraft:wooden_pickaxe":1,"minecraft:iron_helmet":1,"minecraft:furnace":1,"blue_skies:zeal_lighter":1,"minecraft:bread":36,"minecraft:air":0,"minecraft:iron_boots":1,"minecraft:iron_chestplate":1,"minecraft:iron_axe":1,"minecraft:stick":12,"minecraft:iron_ingot":36,"minecraft:iron_pickaxe":1,"minecraft:stone_pickaxe":1,"minecraft:iron_block":1,"minecraft:iron_shovel":1,"minecraft:iron_leggings":1,"minecraft:oak_button":1,"minecraft:wheat":108},"minecraft:dropped":{"minecraft:furnace":2,"minecraft:moss_block":4,"minecraft:wheat_seeds":1,"tetra:scroll_rolled":1,"irons_spellbooks:concentration_amulet":1,"eldritch_end:corrupted_etyr_block":32,"minecraft:tuff":9,"biomesoplenty:maple_sapling":12,"immersive_armors:wooden_boots":1,"minecraft:rotten_flesh":2,"delightful:green_tea_leaf":6,"eidolon:athame":1,"blue_skies:zeal_lighter":1,"minecraft:dirt":33,"minecraft:iron_block":3,"supplementaries:ash":3,"minecraft:dark_oak_log":3,"minecraft:trident":2,"minecraft:oak_button":2,"immersive_armors:wooden_leggings":1,"apotheosis:gem":2,"minecraft:oak_sapling":1,"minecraft:stone_pickaxe":1,"minecraft:wooden_pickaxe":1,"immersive_armors:wooden_chestplate":1,"minecraft:string":1,"immersive_armors:wooden_helmet":1,"twigs:twig":21},"minecraft:killed":{"minecraft:cave_spider":4,"minecraft:pillager":3,"minecraft:zombie":1},"minecraft:picked_up":{"minecraft:coarse_dirt":1,"minecraft:crafting_table":5,"illagerinvasion:platinum_chunk":1,"biomesoplenty:orange_autumn_sapling":4,"minecraft:gold_block":1,"minecraft:tuff":9,"minecraft:oak_log":68,"eidolon:athame":1,"eldritch_end:corrupted_etyr_block":32,"irons_spellbooks:concentration_amulet":1,"minecraft:dirt":75,"minecraft:string":1,"minecraft:red_bed":2,"minecraft:apple":7,"minecraft:wheat_seeds":4,"blue_skies:lunar_stonebrick":12,"minecraft:iron_ingot":1,"twigs:twig":42,"minecraft:moss_block":4,"delightful:green_tea_leaf":12,"minecraft:chest":2,"minecraft:furnace":3,"apotheosis:gem":3,"minecraft:torch":1,"minecraft:raw_iron_block":49,"minecraft:trident":1,"minecraft:dark_oak_log":20,"blue_skies:zeal_lighter":1,"biomesoplenty:maple_sapling":33,"minecraft:rotten_flesh":3,"minecraft:hay_block":12,"minecraft:iron_block":6,"minecraft:emerald":2,"minecraft:oak_button":1,"supplementaries:ash":4,"minecraft:oak_sapling":2,"minecraft:coal":10,"minecraft:cobblestone":25},"minecraft:mined":{"minecraft:tuff":9,"minecraft:red_bed":2,"minecraft:dandelion":1,"minecraft:crafting_table":5,"minecraft:grass_block":38,"minecraft:chest":2,"minecraft:cobblestone":4,"minecraft:moss_block":2,"ars_nouveau:blue_archwood_leaves":4,"minecraft:wall_torch":1,"minecraft:hay_block":12,"minecraft:coarse_dirt":1,"domum_ornamentum:blockbarreldeco_standing":1,"minecraft:raw_iron_block":25,"minecraft:furnace":1,"minecraft:fire":4,"biomesoplenty:maple_sapling":2,"biomesoplenty:lavender":1,"treechop:chopped_log":11,"minecraft:gold_block":1,"minecraft:grass":22,"minecraft:stone":22,"minecraft:iron_block":6},"minecraft:custom":{"minecraft:interact_with_furnace":11,"minecraft:mob_kills":8,"minecraft:traded_with_villager":2,"minecraft:interact_with_crafting_table":17,"minecraft:open_barrel":5,"minecraft:damage_dealt_resisted":0,"minecraft:time_since_death":53682,"minecraft:sleep_in_bed":1,"minecraft:climb_one_cm":639,"minecraft:damage_resisted":0,"minecraft:time_since_rest":12355,"minecraft:waystone_activated":1,"minecraft:sprint_one_cm":92553,"minecraft:damage_taken":1017,"minecraft:walk_one_cm":138697,"minecraft:drop":63,"minecraft:damage_dealt":1665,"minecraft:play_noteblock":1,"minecraft:talked_to_villager":3,"minecraft:fly_one_cm":112841,"minecraft:open_chest":58,"minecraft:crouch_one_cm":3268,"minecraft:play_time":53682,"minecraft:sneak_time":2190,"minecraft:walk_under_water_one_cm":1453,"minecraft:jump":564,"minecraft:walk_on_water_one_cm":1451,"minecraft:total_world_time":53682,"minecraft:fall_one_cm":17265}},"DataVersion":3465}